12C16O_48h_50_P10_coass_bin.9,71.63902764347613,3892564,552020,1393321,1395274,551949
12C16O_0h_100_unf_bin.12,65.4670806615154,5705385,989219,1867353,1867796,981017
12C18O_168h_100_P08_coass_bin.27,63.74954512286868,2121452,383976,675435,676981,385060
12C16O_24h_100_unf_bin.14,63.94309506618953,2286691,413626,729523,732658,410884
12C16O_72h_100_unf_bin.1,68.41309979149428,5184510,817955,1773924,1772960,819671
12C16O_48h_50_P13_coass_bin.16,70.76702055305203,2749470,402958,972610,973108,400794
12C18O_168h_50_P10_coass_bin.6,71.87927970157389,3511489,494464,1264858,1259175,492992
H3-16-all-fractions_metab_conc_11.Cystobacter_violaceus_70_0,69.91398383411371,10044856,1510590,3516626,3506133,1511507
12C16O_72h_100_P16_coass_bin.2,36.133457103108164,2090979,665548,377937,377606,669888
H2-18-all-fractions_metab_conc_45.Bacteria_60_9,60.304249058916845,2391659,476659,721407,720865,472728
12C16O_72h_100_P08_coass_bin.2,72.72001826594808,3495028,477928,1270758,1270827,475515
12C18O_24h_100_P08_coass_bin.27,69.26025210093026,4672335,723189,1617134,1618937,713075
12C16O_168h_100_unf_bin.3,63.879450090167836,3291085,597771,1053296,1049031,590987
12C18O_72h_100_P16_coass_bin.3,65.651650236552,4851153,834995,1594295,1590567,831296
12C18O_48h_100_P16_coass_bin.34,69.64336689398849,5604976,855188,1947613,1955881,846294
H3-16-all-fractions_metab_25.Hyalangium_minutum_68_0,68.49239717360568,9453458,1491136,3239220,3235680,1487422
12C18O_72h_100_P08_coass_bin.31,54.66924356030093,2531213,578012,691226,692569,569406
12C16O_168h_100_P16_coass_bin.10,69.12765790721927,4798324,740959,1659921,1657048,740396
12C16O_168h_100_unf_bin.17,65.57885506971283,5205068,898247,1704497,1708927,893397
H1-16-all-fractions_metab_conc_65.Bacteria_66_15,66.17374694928948,7136862,1208758,2358630,2364099,1205375
12C16O_168h_50_P13_coass_bin.8,71.89836842996344,3478919,489511,1249277,1252009,488122
H3-18-all-fractions_metab_conc_6.Bacteria_64_56,64.25255437687431,6297622,1131677,2026870,2019513,1119562
H2-16-all-fractions_metab_conc_101.Burkholderiales_63_22,63.12949021905842,5351632,989981,1689721,1688737,983193
12C18O_168h_100_P16_coass_bin.30,35.73779945210783,2975768,956316,532211,531263,955978
12C16O_168h_50_P13_coass_bin.11,63.708824628666406,2351861,427207,750352,747991,426311
H1-18-all-fractions_metab_conc_36.Alphaproteobacteria_64_14,64.23438801371121,4029404,721359,1294171,1294092,719782
12C16O_72h_100_unf_bin.38,65.45811662425142,5477197,945260,1790985,1794285,946667
12C18O_168h_50_P13_coass_bin.28,63.88387630688048,3313329,598050,1058317,1058366,598596
12C16O_168h_100_P16_coass_bin.28,64.6940754417826,5144046,911533,1670787,1657106,904620
12C16O_168h_50_P09_coass_bin.26,74.06458380544228,4293677,559908,1589795,1590299,553675
12C18O_168h_100_P14_coass_bin.20,35.928226433804355,2924475,938365,523872,526840,935398
12C16O_24h_100_P14_coass_bin.36,65.47483610038854,4965387,857784,1625345,1625734,856524
H3-16-all-fractions_metab_conc_29.Actinobacteria_71_0,71.39143730078882,7569856,1085119,2710994,2693235,1080508
12C16O_168h_50_P09_coass_bin.6,68.50741486682085,4853425,764393,1661468,1663488,764076
H3-16-all-fractions_conc_123.Niastella_koreensis_45_0,44.824388345472954,7341113,2028709,1646548,1644061,2021795
12C18O_168h_50_P13_coass_bin.9,35.728141685697985,3128615,1007735,558816,558980,1003084
12C16O_168h_50_P09_coass_bin.27,69.60706481090725,3350578,510230,1165677,1166562,508109
12C16O_48h_50_P09_coass_bin.18,65.38821521617531,5953270,1029388,1945905,1946832,1031145
H2-16-all-fractions_metab_126.Actinobacteria_69_30,69.44297492285742,4566868,698611,1583271,1588098,696888
12C18O_72h_100_P14_coass_bin.18,71.61952533111095,3964532,563216,1419726,1419653,561937
H2-18-all-fractions_metab_conc_57.Sphingobacteriales_44_10,44.04407629858934,5480678,1532570,1209684,1204230,1534194
12C16O_0h_50_P13_coass_bin.12,67.24344451317403,4298651,707414,1444611,1445950,700676
12C16O_72h_100_unf_bin.16,63.792025291365874,2214827,402138,707531,705352,399806
12C18O_72h_100_P14_coass_bin.20,41.380726813523225,2001091,590158,411751,416315,582867
12C16O_48h_50_unf_bin.12,74.0073080261143,3798837,492379,1403444,1407973,495041
12C18O_72h_100_P16_coass_bin.2,63.67491989627645,2042352,372131,650275,650191,369755
H2-16-all-fractions_metab_conc_33.Sphingomonadales_63_10,63.20608791643878,2086231,383189,660790,657835,384417
12C18O_72h_100_P14_coass_bin.5,36.152315399216874,2113588,678712,380580,383531,670765
12C18O_24h_100_P16_coass_bin.26,61.003945879200195,2815849,550394,858163,859616,547676
12C16O_168h_50_unf_bin.37,69.2427457932646,2987887,459289,1035468,1033427,459703
H2-16-all-fractions_metab_conc_119.Actinobacteria_73_28,72.85625638194512,6865070,934908,2500169,2501464,928529
12C16O_48h_100_unf_bin.8,68.39330114160497,5693388,899307,1944065,1949831,900185
H1-16-all-fractions_metab_conc_6.Bacteria_69_19,68.57651633777371,7516630,1182951,2573688,2580955,1179036
12C16O_168h_50_unf_bin.47,72.69752588472778,5719782,783949,2082231,2075909,777693
12C16O_72h_100_P16_coass_bin.3,66.1850262419425,2044056,346745,678483,674376,344452
12C16O_48h_100_P14_coass_bin.33,68.49596062195303,4245208,670878,1452739,1455057,666534
H3-18-all-fractions_metab_conc_37.Alphaproteobacteria_64_16,64.43398826684502,10717322,1905244,3453968,3451630,1906480
12C16O_72h_100_P16_coass_bin.26,41.52030703079837,2203818,645775,456901,458131,643011
12C16O_168h_100_P08_coass_bin.11,69.68500890023992,3475749,526304,1212133,1209943,527369
12C16O_48h_50_P10_coass_bin.13,66.56691499958085,2516917,420686,838114,837320,420797
12C16O_0h_100_unf_bin.13,68.47912281713049,3851238,607968,1321938,1315356,605976
12C18O_48h_100_P08_coass_bin.18,60.91562211114585,2955324,577987,901378,898876,577083
12C18O_168h_100_P14_coass_bin.8,70.75135942345999,2727443,398817,964297,965406,398923
H3-18-all-fractions_metab_conc_100.Actinobacteria_71_31,70.81899078348377,3567183,522182,1262672,1263571,518758
12C18O_168h_50_P13_coass_bin.13,58.41959707802332,4303662,894641,1257840,1256342,894839
H1-18-all-fractions_metab_conc_71.Actinobacteria_71_26,71.19045470949116,1950784,280227,692922,695850,281785
12C16O_168h_50_P10_coass_bin.4,60.98679112774278,3087016,601790,940729,941943,602554
12C18O_72h_100_P14_coass_bin.22,63.830627395895945,1881603,339874,597774,603265,340690
12C18O_168h_100_P08_coass_bin.24,65.54825271413537,5130271,883700,1680980,1681823,883768
H3-16-all-fractions_metab_140.Gemmatimonadetes_61_0,61.471276443824465,2962081,571067,911459,909370,570185
12C16O_48h_100_unf_bin.21,61.01876616855883,2373047,464727,723097,724907,460316
12C18O_24h_100_P08_coass_bin.24,35.546082212956975,3363825,1085338,597660,598048,1082779
12C16O_72h_100_P08_coass_bin.1,68.52557406418036,3762210,592825,1290124,1287952,591309
12C16O_24h_100_unf_bin.5,64.45583609340413,4926806,877231,1589178,1586436,873961
12C16O_0h_100_unf_bin.7,36.19726588176757,1696269,543478,305057,308946,538788
12C16O_0h_100_P08_coass_bin.20,35.734806933619254,3637350,1168437,650013,649787,1169113
12C18O_168h_50_P09_coass_bin.24,68.44588571574299,5136823,811358,1758314,1757630,809521
12C16O_48h_100_P08_coass_bin.21,68.52917880652234,4704202,741749,1613286,1610465,738702
12C16O_48h_50_unf_bin.28,64.0223961261674,3763508,676765,1204826,1204662,677255
H2-16-all-fractions_metab_conc_16.Bacteria_60_11,60.276358603679036,6104098,1213404,1841738,1837590,1211366
12C16O_48h_100_unf_bin.36,41.5693345034174,1922369,563183,399125,399991,560070
12C16O_72h_100_P16_coass_bin.33,60.914415473253335,4709391,923721,1440580,1428118,916972
12C16O_48h_100_P14_coass_bin.26,41.67064484663653,1887379,549206,395354,391129,551690
12C16O_0h_50_unf_bin.25,69.12789641751671,2307031,356044,796037,798765,356185
H3-16-all-fractions_conc_3.Actinobacteria_70_0,70.43773275320645,6077521,901115,2139956,2140912,895538
H1-18-all-fractions_metab_maxbC_21.Verrucomicrobia_59_13,59.36777850659395,2052034,417120,608802,609445,416667
12C16O_168h_50_unf_bin.52,58.418748346295914,5136197,1068885,1502377,1498125,1066810
H1-18-all-fractions_metab_conc_80.Solirubrobacterales_69_26,68.64414209176523,2429613,380447,833536,834251,381379
12C16O_0h_50_P10_coass_bin.14,43.90322988636871,1612936,452106,353731,354400,452699
12C16O_72h_100_unf_bin.14,63.89901254091978,2005754,362583,640183,641474,361514
12C18O_72h_100_P08_coass_bin.25,65.50431326459949,5292395,913140,1734000,1732747,912508
12C16O_168h_50_P10_coass_bin.16,44.032017987393054,1496159,419260,329571,329218,418110
12C16O_168h_50_P13_coass_bin.12,66.64791456542675,2239749,374031,747356,745390,372972
H3-18-all-fractions_metab_conc_75.Burkholderiales_69_10,68.6061287841876,3655309,573618,1254107,1253659,573925
12C16O_0h_100_P08_coass_bin.18,70.78294080203692,2175835,317224,769925,770195,318491
12C16O_0h_50_P13_coass_bin.10,74.09348264458896,4054528,525876,1505689,1498452,524511
12C16O_168h_50_unf_bin.22,57.55003730500153,3898941,831519,1125651,1118191,823580
12C16O_48h_100_unf_bin.19,61.162916616032234,6015341,1166157,1836185,1842973,1170026
12C16O_48h_50_P10_coass_bin.29,71.39542855931504,7170256,1024383,2556960,2562275,1026638
12C16O_168h_100_P14_coass_bin.8,69.30683341044251,4681674,718502,1624259,1620461,718452
12C16O_168h_50_P10_coass_bin.17,73.66764626103915,4807432,634751,1769949,1771573,631159
H3-16-all-fractions_metab_conc_13.Lysobacter_68_0,67.99871859280276,2790682,446188,949139,948489,446866
H2-16-all-fractions_metab_57.Sphingomonadales_64_21,63.73141976268168,3255206,590157,1036016,1038573,590460
H1-18-all-fractions_metab_conc_56.Chloroflexi_54_13,53.57337277732476,7909950,1833991,2117170,2120457,1838332
12C16O_72h_100_P14_coass_bin.22,68.70878733021125,2316187,363304,796439,794985,361459
H1-18-all-fractions_metab_conc_44.Gemmatimonadetes_61_12,60.77713339941341,2902539,569283,880423,883657,569176
H3-16-all-fractions_metab_67.RIF_CHLX_70_0,70.47554436800434,3267918,483076,1152974,1150109,481759
12C18O_72h_100_P16_coass_bin.24,60.98315848707746,2985480,579552,911075,909565,585288
H1-18-all-fractions_metab_8.Bdellovibrionales_52_9,51.713546469500436,4221683,1019712,1093611,1089571,1018789
12C16O_24h_100_P14_coass_bin.34,68.54516454497151,4020056,635743,1381026,1374528,628759
12C16O_168h_50_P09_coass_bin.24,63.92988072257172,2828951,510192,905353,903192,510214
H2-18-all-fractions_metab_conc_98.Propionibacteriales_71_10,70.50515310955636,5432254,802667,1915454,1914565,799568
12C16O_48h_50_P10_coass_bin.10,63.770635956326004,2316527,418502,738667,738597,420761
12C16O_48h_100_P08_coass_bin.8,72.77158150378973,3459606,471912,1261313,1256297,470084
H3-16-all-fractions_metab_conc_90.Bacteria_60_0,59.61219527253498,5879557,1186900,1753240,1751693,1187724
12C18O_168h_100_P14_coass_bin.35,61.01024947963422,3041130,592325,929021,926380,593404
12C18O_168h_50_P09_coass_bin.25,69.369835251952,2958639,453889,1026417,1025986,452347
H1-18-all-fractions_metab_maxb_101.Bacteria_63_9,62.54782565997628,5050636,945886,1601018,1558045,945687
12C16O_168h_100_P16_coass_bin.12,35.62947115747559,3126148,1006824,557301,556529,1005494
H1-16-all-fractions_metab_conc_39.Actinobacteria_66_10,66.21250774543506,5001333,845190,1657632,1653876,844635
12C18O_168h_50_P13_coass_bin.12,71.63672246809746,3347226,477473,1198996,1198847,471910
12C16O_168h_50_unf_bin.34,65.410616686807,5661107,982415,1850575,1852390,975727
12C18O_48h_100_P08_coass_bin.19,69.27906115685252,2379439,367258,823883,824570,363728
12C18O_48h_100_P16_coass_bin.36,63.48174894439841,2534100,461015,803583,805108,464394
12C16O_48h_50_unf_bin.11,69.26009485316578,2933376,450736,1016194,1015465,450981
H1-16-all-fractions_metab_conc_21.Actinobacteria_69_13,69.06678497996087,2643828,408538,914399,911608,409283
12C18O_168h_100_P16_coass_bin.19,62.937191807259794,3386071,630839,1066120,1064978,624134
H1-18-all-fractions_metab_conc_37.Gemmatimonadetes_69_16,68.60367720646198,4706290,738672,1613604,1615084,738930
12C16O_168h_50_unf_bin.57,68.74775480587596,2800426,439118,964185,961045,436078
12C16O_24h_100_P14_coass_bin.30,70.4275283449893,3279151,485167,1153293,1156132,484559
H3-16-all-fractions_metab_conc_118.Mycobacterium_smegmatis_66_0,65.54914380886346,6854953,1183136,2243356,2250007,1178454
H1-18-all-fractions_metab_maxb_45.Sphingobacteriales_37_7,36.893047528600086,3620094,1147166,665527,670036,1137365
12C16O_72h_100_P16_coass_bin.36,67.33634156540408,3685221,600386,1232762,1248731,603342
12C16O_24h_100_P08_coass_bin.20,69.20628576778955,4774023,735675,1651235,1652689,734424
12C16O_0h_50_unf_bin.20,69.27074535041497,2936176,449735,1017462,1016449,452530
12C18O_48h_100_P16_coass_bin.25,61.004405417203735,3097096,604064,944008,945357,603667
H2-18-all-fractions_metab_84.Actinobacteria_68_115,67.94102520144008,3563963,571615,1202634,1218759,570955
12C16O_0h_100_P08_coass_bin.9,65.59602974352482,5149894,889538,1688886,1689240,882230
12C16O_24h_100_P16_coass_bin.20,35.685544328424335,3171385,1023622,563355,568371,1016037
12C18O_168h_100_P16_coass_bin.36,68.30927022687558,5571115,884816,1901016,1904572,880711
12C16O_72h_100_unf_bin.11,69.97727996742871,3330541,498638,1165577,1165045,501281
H1-18-all-fractions_metab_conc_61.Actinobacteria_70_18,69.77644448097313,2433400,368521,848624,849316,366939
12C16O_168h_100_unf_bin.5,68.4701337643492,4733623,745559,1619434,1621684,746946
H1-18-all-fractions_conc_125.Pseudonocardiales_71_10,70.62391223227054,10371010,1528696,3669934,3654479,1517901
12C16O_168h_50_P10_coass_bin.1,63.17711809630854,3318605,611544,1048584,1048015,610462
12C18O_72h_100_P08_coass_bin.5,69.1807897921776,2563054,393935,884902,888239,395978
12C16O_48h_50_unf_bin.15,69.12680733452963,4654368,718202,1609911,1607505,718750
12C18O_72h_100_P16_coass_bin.5,36.07363344477302,2114148,679007,379603,383047,672491
H3-16-all-fractions_metab_maxb_73.Sphingobacteriales_41_0,40.864477401772895,3295170,974816,674160,672394,973800
H3-16-all-fractions_metab_155.Actinobacteria_71_0,71.00087637776697,4153460,601338,1479436,1469557,603129
12C18O_168h_50_P10_coass_bin.12,54.74289333768403,3021742,684449,828664,825525,683104
H2-18-all-fractions_metab_36.Geodermatophilales_73_36,72.53769690670188,3894484,536997,1414679,1410290,532518
H2-16-all-fractions_metab_75.Sphingomonadales_65_38,65.2649353934047,2419722,421170,789700,789530,419322
12C18O_168h_50_P13_coass_bin.16,41.67376704234284,1734650,508781,360574,362320,502975
12C18O_168h_50_P09_coass_bin.21,60.711129374120944,3971598,781463,1205233,1205969,778933
12C18O_48h_100_P08_coass_bin.32,73.10444161725425,4818290,649937,1762346,1760038,645969
12C16O_0h_50_P10_coass_bin.29,63.51908229306164,3947927,722705,1252718,1254969,717535
12C16O_24h_100_P16_coass_bin.18,64.2071895080392,4895634,877175,1571702,1571647,875110
H1-18-all-fractions_metab_conc_20.Bacteria_57_11,56.83675806062004,3502274,758207,992410,998169,753488
12C16O_168h_100_P08_coass_bin.16,35.638995751761776,3843711,1237306,686332,683528,1236545
12C16O_48h_100_P14_coass_bin.34,65.49772818263483,5297741,912060,1733395,1736505,915781
12C16O_72h_100_unf_bin.7,36.41287458570399,2326537,739332,423504,423655,740046
H2-16-all-fractions_metab_conc_60.Proteobacteria_70_13,69.76364578290742,5887350,890126,2054947,2052283,889994
H3-18-all-fractions_metab_conc_87.Bacteria_55_12,55.019751795452734,2754180,620846,757575,757768,617991
H3-18-all-fractions_metab_conc_4.Bradyrhizobium_62_18,62.38697272043816,3842767,723260,1198632,1198754,722121
12C18O_72h_100_P08_coass_bin.19,67.27978265333604,1563217,255023,527841,523888,256465
12C16O_0h_50_P10_coass_bin.28,69.28160982175456,2936176,451040,1015827,1018403,450906
12C18O_48h_100_P08_coass_bin.33,68.41772270035604,5143144,816468,1756347,1762475,807854
12C18O_168h_100_P14_coass_bin.30,72.97362199352881,4551557,616214,1661807,1659629,613907
12C16O_24h_100_P14_coass_bin.26,60.99882841630164,3048011,596343,930612,928639,592417
H2-18-all-fractions_metab_conc_56.Bacteria_56_17,56.45570876666886,7032272,1535157,1982917,1987202,1526996
12C16O_72h_100_P16_coass_bin.5,69.2167697940051,7223917,1111718,2499553,2500609,1112037
12C16O_48h_100_unf_bin.25,63.383264895413184,2471583,451384,783945,782625,453629
12C16O_48h_50_P13_coass_bin.11,73.34865935889754,4747915,633310,1743755,1738777,632073
12C16O_0h_50_P13_coass_bin.4,63.85685869940908,3234622,585677,1034284,1031244,583417
H2-16-all-fractions_metab_conc_25.Burkholderiales_70_14,70.20678427565488,4732178,704034,1663901,1658409,705834
12C18O_48h_100_P16_coass_bin.33,65.58527412832696,4763426,819846,1563522,1560584,819474
12C18O_72h_100_P08_coass_bin.4,72.83711091595497,3254374,441097,1187503,1182889,442885
12C16O_24h_100_P08_coass_bin.19,35.811521816238525,3388806,1088443,607814,605769,1086780
12C16O_168h_100_unf_bin.4,41.393042108561914,1940128,570360,401267,401811,566690
H1-16-all-fractions_conc_50.Massilia_sp__JS1662_67_10,66.53098049621865,6971725,1169814,2320709,2317648,1163554
H1-18-all-fractions_conc_24.Gemmatimonadetes_68_16,67.9712168983751,4253190,681897,1445872,1445073,680348
12C18O_24h_100_P08_coass_bin.18,65.55507651485519,5253555,906305,1723311,1720661,903278
12C16O_168h_50_P13_coass_bin.16,63.565503371229326,3735136,682006,1184304,1189954,678872
H3-16-all-fractions_metab_conc_113.RIFCSPLOWO2_12_FULL_Bacteroidetes_35_15_curated_45_0,45.44191637254003,4653041,1269741,1044697,1069734,1268869
H1-16-all-fractions_metab_conc_68.Ktedonobacter_racemifer_52_21,51.996188941945185,6314257,1518818,1645155,1638018,1512266
12C18O_48h_100_P08_coass_bin.24,35.74989287733531,3652355,1177092,649946,655767,1169550
12C16O_168h_50_P09_coass_bin.21,69.1082530897893,5076317,783856,1753307,1754847,784307
H2-18-all-fractions_metab_conc_39.Bacteria_66_9,65.76862008552665,5371659,919027,1765495,1767371,919766
H3-18-all-fractions_metab_conc_55.Sphingomonadales_70_13,69.66317240106788,2774832,422187,966651,966385,419609
12C16O_48h_100_unf_bin.32,63.80744221798786,3822167,692624,1218293,1220534,690716
H1-18-all-fractions_conc_32.Gemmatimonadetes_61_9,61.46808796752281,2751470,530854,844775,846501,529340
H1-16-all-fractions_metab_conc_1.Actinobacteria_71_32,70.79850688253424,3190104,466171,1130079,1128467,465387
12C16O_72h_100_unf_bin.12,61.01166874978924,2757879,539241,842695,839933,536010
12C16O_168h_50_unf_bin.24,61.47498228963483,4946256,956194,1524524,1516186,949352
12C16O_168h_100_unf_bin.12,63.073533965078724,3404114,628145,1073126,1073969,628874
12C16O_72h_100_P14_coass_bin.25,36.03912561952101,2497494,800632,449668,450407,796787
12C16O_168h_50_P09_coass_bin.3,65.65955106456627,4974702,852676,1634213,1632154,855659
H2-18-all-fractions_metab_91.Actinobacteria_71_22,70.54602840268494,2463077,363245,866764,870839,362229
12C18O_72h_100_P16_coass_bin.23,41.729326988291135,1430198,415802,298877,297935,417584
H2-16-all-fractions_maxb_conc_24.Ktedonobacter_racemifer_50_14,50.469868238995964,5457381,1355028,1376495,1377838,1348020
12C16O_168h_50_unf_bin.54,41.66643753945431,1782125,515144,373721,368827,524433
12C18O_72h_100_P16_coass_bin.34,63.38498210242211,2489443,456059,789499,788434,455451
H1-18-all-fractions_metab_conc_10.Actinobacteria_67_14,67.3062088418503,3593456,585791,1208144,1210475,589046
12C16O_0h_50_unf_bin.34,68.83229606827148,2510448,390363,864361,863638,392086
H2-18-all-fractions_metab_63.Massilia_66_19,65.58578286413899,5547559,958959,1821572,1816838,950190
12C16O_48h_100_unf_bin.27,63.88755335563457,3340322,604663,1068124,1065926,601609
H2-16-all-fractions_metab_conc_17.Alphaproteobacteria_61_12,60.732505835421236,4401139,866862,1337994,1334928,861355
12C16O_48h_50_unf_bin.39,63.925266583616455,2377678,429936,760176,759761,427805
H1-16-all-fractions_metab_conc_20.Bacteria_65_10,64.79738083318806,3126185,551783,1012676,1013010,548716
H1-18-all-fractions_metab_69.Sphingomonadales_65_37,65.26822561164344,2542617,439509,828804,830717,443587
H1-16-all-fractions_metab_conc_28.Actinobacteria_70_20,70.3370841755553,3173154,472848,1115675,1116229,468402
H2-16-all-fractions_metab_conc_65.Actinobacteria_69_12,68.76029696933706,3216359,502259,1106047,1105531,502522
12C16O_168h_50_P10_coass_bin.28,61.367100346953585,5697592,1103592,1748323,1748124,1097553
12C18O_168h_50_P10_coass_bin.11,69.09435769915095,4851496,750100,1678395,1673715,749286
12C16O_48h_50_P10_coass_bin.38,69.7230799247954,3464682,522507,1205672,1210011,526492
12C16O_48h_50_unf_bin.16,41.75763643193926,1541263,448146,322494,321101,449522
12C16O_72h_100_P08_coass_bin.23,69.17218654382839,4639596,714027,1605331,1603979,716259
12C18O_168h_100_P08_coass_bin.8,69.20980064464787,4646878,716384,1610940,1605155,714399
12C16O_48h_50_unf_bin.17,60.98693908936983,2556713,498768,779045,780216,498684
12C16O_72h_100_P14_coass_bin.33,63.564014551647894,2141888,390665,681200,680270,389753
12C16O_48h_50_P10_coass_bin.39,62.71754354527867,2187608,408813,687269,684745,406781
12C16O_72h_100_P08_coass_bin.6,66.6259358095311,2349570,393926,783249,782174,390221
H3-16-all-fractions_metab_conc_46.Alphaproteobacteria_61_0,61.10080265421461,2751247,536954,841275,839759,533259
H1-18-all-fractions_metab_conc_17.Bacteria_55_30,54.90000911525998,3411861,771550,935861,937251,767199
12C18O_24h_100_P14_coass_bin.33,69.31795065722271,4566869,701336,1582811,1582849,699873
12C18O_168h_100_P14_coass_bin.33,63.77318565225109,2292959,418131,728741,733552,412535
H2-16-all-fractions_metab_63.Actinobacteria_69_71,68.6357853095811,2929297,461276,1004981,1005565,457475
H1-18-all-fractions_conc_55.Burkholderiales_64_14,63.71678242190016,4935414,894213,1574870,1569817,896514
H3-18-all-fractions_metab_conc_25.Acidobacteria_57_11,57.33117906849004,7713691,1644507,2203099,2219251,1646834
H1-18-all-fractions_metab_conc_62.Sphingomonadales_68_16,67.67313206985789,3602972,583412,1223502,1214742,581316
12C18O_168h_100_P16_coass_bin.34,63.92571340403084,2877612,520049,920487,919047,518029
12C16O_168h_50_P10_coass_bin.11,69.82446695554489,3150347,474180,1100699,1099014,476454
12C16O_0h_50_P10_coass_bin.13,60.99909217519672,2598519,507401,793387,791686,506045
12C16O_24h_100_unf_bin.28,61.048679066793,2714596,529139,828436,828789,528232
12C18O_168h_50_P09_coass_bin.3,60.952527558523826,2949269,576190,899021,898633,575425
H3-18-all-fractions_metab_conc_49.Actinobacteria_70_18,70.19709557181386,4114958,614360,1445033,1443548,612017
12C16O_168h_100_unf_bin.13,69.25650663181595,2887746,443477,999822,1000130,444317
H3-16-all-fractions_metab_43.Acidobacteria_54_0,53.89638055421552,3584057,825501,965748,965929,826879
12C18O_168h_100_P08_coass_bin.1,69.55902262889504,3116237,474871,1083952,1083672,473742
12C16O_48h_50_unf_bin.41,70.71896698075075,3562528,520366,1257946,1261437,522779
12C16O_48h_50_P10_coass_bin.30,63.22210027010323,3299109,607996,1043354,1042412,605347
H3-18-all-fractions_metab_conc_69.Acidobacteria_55_11,55.47678187103606,5246676,1167887,1455602,1455085,1168102
12C16O_0h_50_P09_coass_bin.11,65.64606046704559,4778206,821921,1570178,1566526,819581
H3-18-all-fractions_metab_conc_30.Actinobacteria_69_22,69.36612585728533,2833654,436451,982418,983178,431607
12C16O_24h_100_P16_coass_bin.13,54.873656144245906,5159966,1162811,1417026,1414436,1165693
12C16O_48h_100_unf_bin.4,69.25879958697794,2733026,420095,946350,946511,420070
12C18O_72h_100_P08_coass_bin.13,35.64691706607446,3723012,1195709,665479,661660,1200164
12C16O_168h_50_P13_coass_bin.24,69.23871068372272,4692999,720938,1626835,1622537,722689
12C18O_48h_100_P16_coass_bin.16,63.283877688064486,4436231,815184,1403180,1404239,813628
H2-16-all-fractions_metab_conc_19.Actinobacteria_69_35,69.18997930646897,2300719,357830,794474,797393,351022
H2-18-all-fractions_metab_conc_62.Actinobacteria_69_13,68.9900597529696,4197783,652412,1451099,1444954,649318
H1-18-all-fractions_metab_maxbC_65.Verrucomicrobia_60_17,60.466959486784056,2279898,449861,691548,687037,451452
12C16O_0h_50_P09_coass_bin.29,63.8449707628152,3194391,576117,1019560,1019898,578816
12C18O_168h_50_P13_coass_bin.25,63.75612087982978,1813669,329685,579811,576514,327659
12C18O_168h_50_P13_coass_bin.4,70.51444110310639,2667594,394437,941533,939506,392118
H1-16-all-fractions_metab_48.Actinobacteria_68_21,67.97827087376697,2498950,401836,851902,846841,398371
H3-16-all-fractions_metab_conc_40.Bacteroidetes_44_0,43.80684185404372,3427492,967275,754289,747187,958741
12C16O_24h_100_P08_coass_bin.7,72.83399941466364,3222079,437917,1171997,1174772,437393
12C16O_48h_50_P10_coass_bin.27,69.27789815450032,4563913,699319,1584201,1577582,702811
12C16O_0h_100_P16_coass_bin.2,69.40978850292412,2631904,402755,914779,912020,402350
12C16O_72h_100_unf_bin.45,63.35669907650519,4553247,835858,1444481,1440306,832602
12C16O_48h_100_P08_coass_bin.17,65.53832537186214,5380287,928530,1761414,1764736,925607
12C16O_168h_50_P10_coass_bin.18,69.25852624466813,2906819,447927,1005898,1007322,445672
12C16O_168h_100_P14_coass_bin.7,73.23342630584114,4858784,650620,1780332,1777922,649910
H3-18-all-fractions_metab_maxbC_50.Actinobacteria_69_9,68.68295560364398,2112313,330038,725960,724839,331476
H3-16-all-fractions_metab_maxbC_4.Bacteria_48_0,48.04114359133451,3187957,827744,766490,765041,828682
12C16O_24h_100_P16_coass_bin.6,71.69901303354057,3782702,536090,1357431,1354729,534452
12C16O_168h_100_P08_coass_bin.1,69.27855713536772,4740015,730839,1640308,1643506,725362
12C16O_168h_50_P10_coass_bin.19,63.733761559677404,1931066,350054,615801,614940,350271
12C16O_48h_50_P09_coass_bin.4,60.930890631331515,3087237,603604,940381,940700,602552
12C16O_72h_100_unf_bin.44,69.3225035681495,2887351,444453,999492,1002092,441314
H3-16-all-fractions_metab_147.Actinobacteria_71_0,70.80826485860311,8648811,1268096,3068799,3055274,1256642
12C18O_168h_50_P13_coass_bin.24,67.34094679515854,3684176,604585,1240408,1240551,598632
12C16O_168h_50_P10_coass_bin.36,66.6075360093984,2048007,339980,682644,681483,343900
H2-16-all-fractions_metab_56.Actinobacteria_73_59,73.14505924565825,4443026,598098,1625502,1624352,595074
H2-16-all-fractions_metab_conc_42.Caulobacterales_70_17,69.94093147038575,3913082,588833,1369387,1367459,587403
H2-16-all-fractions_metab_conc_77.Actinobacteria_71_48,71.07135503848556,3438692,498403,1222186,1221739,496364
H3-16-all-fractions_metab_conc_152.Gemmatimonadetes_60_0,60.06110282353958,3700320,737351,1115281,1107172,740516
12C16O_24h_100_unf_bin.50,68.87023845188335,2727133,425218,939187,938996,423732
12C18O_168h_50_P13_coass_bin.5,71.48623967522697,3146074,448348,1127200,1121810,448716
12C16O_24h_100_P16_coass_bin.12,67.41085708852427,6583754,1078180,2219628,2218537,1067409
12C16O_24h_100_unf_bin.18,65.46090088782228,2204270,380227,719684,723251,381108
12C16O_48h_100_P14_coass_bin.1,69.17912117271393,2485312,384085,859428,859889,381910
H1-18-all-fractions_conc_108.Bacteria_69_11,68.93315950474718,6933267,1082083,2390778,2388542,1071864
12C16O_48h_50_P10_coass_bin.41,69.77406251595683,2702606,409262,941501,944217,407626
12C16O_72h_100_P14_coass_bin.14,41.721379467075735,1760100,515542,365401,368937,510220
12C16O_24h_100_unf_bin.47,60.85394014631763,3708644,726501,1128331,1128525,725287
12C16O_24h_100_P08_coass_bin.12,69.06798936903625,3053345,473754,1055719,1053165,470707
12C16O_48h_50_unf_bin.40,71.10978527965493,3263361,471532,1158307,1162262,471260
H3-16-all-fractions_metab_conc_30.Propionibacteriales_71_0,70.84818569444734,3311763,481917,1175210,1171114,483522
12C18O_168h_100_P14_coass_bin.7,69.21529651835418,4768693,734093,1651693,1648972,733935
12C16O_168h_100_unf_bin.21,69.0935321485519,4761272,736649,1645762,1643969,734892
12C18O_168h_50_P10_coass_bin.8,69.30551437692914,3022064,461502,1050524,1043933,466105
12C18O_24h_100_P08_coass_bin.29,72.62508055520074,3812603,524487,1387126,1381780,519210
12C16O_48h_50_P10_coass_bin.43,65.57754234041869,2023185,347972,664226,662529,348458
12C16O_48h_100_P14_coass_bin.3,69.28464051684197,4657826,715336,1613349,1613809,715332
H2-18-all-fractions_metab_49.Bacteria_55_6,54.5703455909178,3234460,736755,883991,881065,732649
H3-16-all-fractions_conc_58.Chloroflexi_52_0,52.20499245245688,8127148,1945113,2125681,2117096,1939258
12C18O_24h_100_P14_coass_bin.16,73.85800492195665,4212146,551204,1554791,1556216,549935
12C18O_48h_100_P08_coass_bin.5,66.66864741778916,2154065,360170,718050,718036,357809
12C18O_48h_100_P08_coass_bin.15,71.70993976805123,3307713,468003,1186377,1185582,467751
12C16O_72h_100_P08_coass_bin.29,63.5335531840885,2081412,379213,660109,662286,379804
H3-16-all-fractions_metab_conc_38.Bacteria_65_0,65.19337186096625,5540439,965774,1806364,1805635,962666
12C18O_168h_100_P08_coass_bin.2,68.4805767439055,4045331,638813,1384521,1385745,636252
12C16O_48h_100_P14_coass_bin.13,35.83146501739466,2651675,853046,473777,476357,848495
12C16O_168h_100_P08_coass_bin.31,72.62473934442646,6081301,834194,2210187,2206342,830578
H3-18-all-fractions_metab_maxbC_83_Verrucomicrobia_60_12,60.3547013128465,2453219,489014,738537,742096,483572
12C16O_24h_100_unf_bin.35,35.69461637489473,3072948,991511,546017,550860,984560
12C18O_72h_100_P16_coass_bin.10,68.47216251974834,4657354,735053,1591542,1597449,733310
H3-16-all-fractions_metab_maxbC_136.Myxococcales_66_0,66.34349482382655,4750517,804239,1576301,1575358,794619
12C18O_168h_50_P09_coass_bin.11,62.94414831959796,4278976,794289,1351214,1342151,791322
12C16O_0h_50_P10_coass_bin.19,62.544991135129656,4105531,770382,1283257,1284547,767345
12C16O_168h_100_P14_coass_bin.4,41.44239364722855,1877102,548338,389396,388520,550848
12C18O_72h_100_P08_coass_bin.28,61.01460108749121,2644803,518408,807011,806705,512679
12C16O_0h_100_P16_coass_bin.1,69.02559939013668,5084418,787822,1756893,1752657,787046
12C16O_24h_100_unf_bin.22,69.13197961959845,4618751,712892,1599085,1593949,712825
12C16O_48h_100_unf_bin.14,65.39009816434813,2145178,371271,702547,700187,371173
H2-16-all-fractions_metab_conc_1.Acidobacteriales_58_9,57.810912691893265,4412935,932126,1277385,1273773,929651
H2-18-all-fractions_metab_conc_82.Actinobacteria_69_16,68.91191259867821,2533234,395112,874769,870931,392422
12C16O_168h_100_unf_bin.19,70.60202660143446,2783083,407526,984453,980460,410644
12C18O_24h_100_P08_coass_bin.11,68.51789569381694,4677019,736182,1602654,1601941,736242
H3-16-all-fractions_metab_conc_83.Actinobacteria_70_0,69.63934327300669,3844459,586195,1340661,1336595,581008
H2-18-all-fractions_metab_conc_15.Gemmatimonadetes_61_16,61.44459296592528,2281750,440185,700504,701508,439553
12C18O_72h_100_P14_coass_bin.17,73.73243528487528,3402489,445853,1253348,1255390,447898
H3-18-all-fractions_metab_conc_57.Acidobacteria_56_18,55.834905908381,5287506,1168144,1475031,1477243,1167088
H3-16-all-fractions_metab_conc_32.Actinobacteria_69_0,69.20308585009579,3133788,483208,1083712,1084966,481902
12C16O_168h_100_unf_bin.37,35.84516014083374,2536892,815279,455702,453651,812260
H3-16-all-fractions_metab_47.Bacteria_61_0,61.18848535638396,6372060,1242579,1945723,1953244,1230514
12C16O_168h_50_P09_coass_bin.9,66.6014750197462,2199157,369351,732248,732423,365135
H1-18-all-fractions_metab_85.Ktedonobacter_racemifer_51_8,51.220771646852015,6001450,1466351,1537724,1536265,1461110
H3-18-all-fractions_metab_8.Gemmatimonadetes_73_36,73.17328661084383,4805680,642885,1761554,1754920,646321
12C16O_168h_100_P16_coass_bin.27,68.41761647469316,4523107,712525,1546894,1547708,715980
H2-16-all-fractions_metab_conc_137.Bacteria_60_16,60.0872499528737,2790374,557397,838282,838377,556318
H3-16-all-fractions_metab_conc_31.Alphaproteobacteria_63_0,62.770467561078206,4887832,908426,1529824,1538291,911291
12C18O_24h_100_P16_coass_bin.10,35.68493322649331,3305877,1064421,589981,589719,1061756
12C16O_72h_100_P08_coass_bin.10,35.58680218699131,3664395,1177045,654859,649182,1183309
H3-16-all-fractions_metab_conc_77.Bacteria_60_0,60.455429080284105,2540154,502620,767123,768538,501873
12C16O_72h_100_unf_bin.18,41.62012297126353,1814245,530071,377732,377359,529083
12C16O_168h_100_P14_coass_bin.5,61.009658919408395,2849180,554512,870667,867608,556393
H3-16-all-fractions_metab_conc_126.Actinobacteria_70_0,69.75177440078498,2545789,386070,887105,888628,383986
H1-18-all-fractions_metab_conc_47.Burkholderiales_71_15,70.54829152035165,6407978,947156,2265926,2254793,940103
H1-18-all-fractions_conc_53.Chloroflexi_64_10,64.36012628940354,8784585,1563352,2830838,2822932,1567463
12C18O_24h_100_P08_coass_bin.10,60.98191205046361,2741936,537716,833916,838169,532135
12C16O_168h_100_P08_coass_bin.27,70.6891340403573,2729469,401207,963789,965649,398824
12C16O_48h_50_P10_coass_bin.25,70.5265986787922,2478187,366277,873623,874158,364129
H2-16-all-fractions_metab_conc_5.Streptomyces_sviceus_71_22,70.5592345090078,9032007,1330431,3187292,3185623,1328661
12C18O_24h_100_P16_coass_bin.28,66.68266990650625,1837128,305820,613567,611479,306262
12C18O_168h_100_P14_coass_bin.4,41.35158943099394,2080839,612222,429312,431148,608157
12C18O_24h_100_P14_coass_bin.17,68.49697399202957,4185217,662873,1433657,1433090,655597
12C18O_168h_100_P16_coass_bin.28,69.09285931300381,4864714,752861,1679427,1681743,750683
12C16O_0h_50_P09_coass_bin.13,68.49506652280833,4855703,767283,1664498,1661419,762503
12C16O_24h_100_P08_coass_bin.11,69.63750926504359,3433605,520829,1195909,1195168,521699
12C16O_24h_100_unf_bin.34,66.66138775538933,2273196,379794,757951,757393,378058
H2-16-all-fractions_metab_conc_100.Burkholderia_graminis_63_15,63.36018911570383,6191342,1134994,1961318,1961528,1133502
H3-16-all-fractions_metab_conc_87.Propionibacteriales_68_0,67.65626294530016,2751964,446499,935256,926620,443589
H1-16-all-fractions_metab_conc_57.Solirubrobacterales_72_43,71.83406662665178,2664009,374875,958998,954668,375468
12C16O_48h_50_unf_bin.43,65.53450690481935,5293187,914444,1735262,1733602,909879
H2-16-all-fractions_metab_conc_97.Actinobacteria_72_48,72.28274604464504,3157618,437948,1141526,1140887,437257
H3-18-all-fractions_metab_conc_70.Bacteria_59_10,59.235181797119054,2503340,510788,740011,742847,509694
H1-18-all-fractions_metab_conc_86.Conexibacter_woesei_72_14,71.76504531403182,3022353,424143,1080715,1088278,429217
12C18O_24h_100_P08_coass_bin.28,69.60627250323883,3425618,523725,1192609,1191836,517448
12C16O_48h_50_unf_bin.33,68.467153979733,4620712,732728,1580902,1582768,724314
12C18O_168h_50_P10_coass_bin.9,41.60579970820898,1727949,503458,360617,358310,505564
H1-18-all-fractions_metab_conc_22.Bacteria_59_8,58.602944687149375,2680896,556873,788881,782203,552939
H2-16-all-fractions_metab_121.Acidobacteria_65_12,64.76429622175289,4992368,880019,1616585,1616687,879077
12C16O_0h_50_P10_coass_bin.20,63.22313900644053,3606689,666538,1143291,1136971,659889
12C16O_48h_100_P08_coass_bin.5,35.98655742092819,4034940,1290967,726453,725583,1291937
12C16O_24h_100_P16_coass_bin.1,61.037642440983475,3056178,595617,932643,932776,595142
H2-16-all-fractions_metab_conc_131.Actinobacteria_71_27,70.90516053329974,3555524,519636,1259417,1261633,514838
12C16O_168h_100_P16_coass_bin.6,61.000643750181524,3133203,611191,954295,956979,610738
H1-16-all-fractions_metab_31.Corynebacterium_durum_57_11,57.28271332005058,2747925,588028,786391,787695,585811
12C16O_48h_50_P13_coass_bin.25,66.66738261854678,2188229,364627,729065,729770,364767
12C18O_168h_50_P09_coass_bin.14,63.87226123878714,3297887,596090,1055939,1050496,595362
12C16O_24h_100_P14_coass_bin.12,73.73276326386485,4528337,595833,1671919,1666949,593636
H1-16-all-fractions_conc_93.Chloroflexi_54_9,53.72794261444267,7976920,1846911,2149361,2136474,1844174
H3-16-all-fractions_metab_conc_78.Burkholderia_graminis_63_0,63.379145593543505,6001523,1100079,1900420,1903294,1097730
12C16O_48h_50_P09_coass_bin.3,68.43684572708702,5199474,822341,1779472,1778884,818777
12C18O_48h_100_P08_coass_bin.28,61.0166408861476,6284461,1226079,1921450,1913117,1223815
H1-16-all-fractions_metab_conc_42.Ktedonobacter_racemifer_53_14,53.07232359105918,6485173,1522521,1721365,1720467,1520820
12C18O_168h_100_P16_coass_bin.14,65.46258994648845,4996304,861393,1633577,1637133,864201
12C16O_168h_50_P10_coass_bin.31,71.76110435429398,3183616,448935,1141945,1142653,450083
12C18O_168h_50_P13_coass_bin.2,69.3373987677296,2911374,446829,1010073,1008598,445874
H3-16-all-fractions_metab_maxbC_112.Burkholderiales_62_0,61.589707962755334,4361430,839227,1347692,1338500,836011
12C16O_48h_50_unf_bin.20,36.0488681706807,2252018,724410,402711,409116,715781
H1-18-all-fractions_conc_96.Pseudonocardiales_70_16,70.05610352004344,5967540,897504,2098292,2082334,889410
H1-16-all-fractions_metab_conc_51.Actinobacteria_75_17,74.6561270846097,3963092,502425,1479459,1479232,501976
12C16O_48h_100_unf_bin.29,35.87390449607673,2635431,845787,471422,474010,844212
H3-16-all-fractions_maxb_26.Sphingobacteriales_42_0,41.500548051417184,4124613,1209904,855161,856576,1202972
12C16O_0h_50_P09_coass_bin.6,40.945366729418865,2830711,838225,579430,579615,833441
H3-16-all-fractions_metab_conc_98.Alphaproteobacteria_63_0,62.90559361758458,5586349,1037062,1757604,1756522,1035161
12C16O_48h_100_P14_coass_bin.6,67.28798707787153,1756367,288611,591588,590236,285932
H3-16-all-fractions_metab_conc_36.Acidobacteriales_61_0,60.8674497183506,3547318,694487,1089126,1070036,693669
12C16O_48h_50_P13_coass_bin.32,70.55198372342592,3132846,460089,1105230,1105055,462472
12C18O_168h_100_P16_coass_bin.7,61.026693439638834,2984104,583578,908677,912423,579426
12C18O_168h_100_P08_coass_bin.7,35.66052291639779,3440244,1107674,613006,613803,1105761
12C16O_24h_100_P08_coass_bin.15,68.51811545052978,4585202,724908,1567350,1574344,718600
H2-18-all-fractions_metab_conc_22.Proteobacteria_61_13,61.345168023937035,8089889,1564527,2483485,2479271,1562606
12C16O_48h_50_P10_coass_bin.36,60.96026523216157,4794592,935426,1460616,1462180,936370
H1-18-all-fractions_metab_conc_2.Burkholderia_graminis_63_9,63.32317957644329,6080508,1111370,1927307,1923064,1118767
12C16O_168h_50_P09_coass_bin.15,35.627363249297225,3638793,1177096,644914,651492,1165291
H2-16-all-fractions_metab_138.Actinobacteria_69_25,69.05977086772145,2699576,418753,932677,931644,416502
12C18O_24h_100_P14_coass_bin.13,36.26729962174916,2259876,715499,412067,407529,724781
12C18O_48h_100_P08_coass_bin.10,41.059344961734496,2572552,756599,529460,526813,759680
12C16O_24h_100_unf_bin.31,63.89000062203113,3295655,595060,1054407,1051187,595001
12C16O_168h_100_unf_bin.9,63.70335801947009,3839942,698465,1222189,1223983,695305
12C18O_48h_100_P08_coass_bin.1,62.667455375683225,4789261,892043,1495652,1505656,895910
H3-16-all-fractions_metab_conc_10.Gemmatimonadetes_68_0,67.57322233387976,3991371,649049,1345187,1351911,645224
12C16O_168h_50_P13_coass_bin.23,70.75028213261758,2622880,385104,927720,927975,382081
12C16O_168h_50_P10_coass_bin.27,73.76409485868096,4919613,645915,1813550,1815358,644790
12C16O_24h_100_P16_coass_bin.14,69.4209968952823,4318267,659541,1500772,1497012,660942
H3-16-all-fractions_metab_76.Alphaproteobacteria_69_0,68.51868297891107,6587199,1038689,2258261,2255201,1035048
12C16O_48h_100_P14_coass_bin.7,61.03090281113938,2966235,577658,906257,904063,578257
H1-18-all-fractions_conc_3.Bacteria_68_14,68.41574050549578,4313864,680666,1474976,1476386,681836
12C16O_168h_100_unf_bin.25,61.012072100768975,3007513,589385,915947,918999,583182
H1-18-all-fractions_metab_conc_57.Acidobacteria_55_29,54.93573005609854,5425631,1223398,1485211,1495399,1221623
12C18O_24h_100_P14_coass_bin.6,41.64320577126384,1717752,501291,357986,357341,501134
H3-16-all-fractions_metab_148.Actinobacteria_72_0,71.81498115047397,4173845,590817,1503276,1494170,585582
12C18O_48h_100_P08_coass_bin.29,61.00629983020962,2570228,500439,782342,785659,501788
12C18O_168h_50_P10_coass_bin.26,60.94430045946906,3135358,614450,951777,959045,610086
H1-18-all-fractions_conc_122.Actinobacteria_70_12,70.44633319579042,4667634,688995,1645158,1643019,690462
12C18O_168h_50_P13_coass_bin.3,70.76857411332583,2476417,360738,876194,876331,363154
12C16O_72h_100_P16_coass_bin.15,63.61287564000489,4120867,751521,1311283,1310119,747944
12C16O_48h_50_P13_coass_bin.24,69.00001133007679,2559559,395898,879680,886416,397565
12C16O_0h_100_P08_coass_bin.5,69.31936478827181,4602245,706348,1596689,1593558,705650
12C16O_48h_50_P10_coass_bin.20,60.92624699707683,3141106,614220,960072,953686,613128
12C16O_168h_100_P08_coass_bin.7,69.39021312847095,2635265,403993,915472,913144,402656
12C16O_0h_50_P10_coass_bin.6,64.11540929048297,3591288,645798,1152018,1150551,642921
12C16O_48h_50_P09_coass_bin.2,66.61819407022016,1935114,322202,644140,644998,323774
H1-18-all-fractions_maxb_99.Actinobacteria_69_12,68.61278470475284,2851814,444542,980035,976674,450563
H3-16-all-fractions_metab_conc_6.RIF_CHLX_71_0,71.25135237387246,2561237,368243,911636,913280,368078
12C16O_48h_50_unf_bin.7,58.443362198902825,4232147,879502,1238518,1234891,879236
12C16O_168h_100_P14_coass_bin.32,69.32733939632492,1979111,305367,686197,685868,301679
12C18O_168h_50_P09_coass_bin.15,65.40665933954854,5836765,1014085,1909375,1908258,1005047
H1-18-all-fractions_metab_conc_23.RIF_CHLX_70_21,69.80094926399232,2606019,394012,910474,908552,392981
H3-16-all-fractions_metab_conc_1.Bacteria_58_0,58.223677735898505,3708809,777134,1079835,1079570,772270
H3-16-all-fractions_metab_130.Bacteria_58_0,58.32530356552395,5210819,1084939,1522555,1516671,1086654
H1-18-all-fractions_metab_conc_105.Acidobacteria_57_8,56.583431493954315,3973080,861866,1124346,1123759,863109
12C16O_72h_100_P16_coass_bin.38,65.53561388678062,5001476,860929,1640553,1637195,862799
12C18O_24h_100_P16_coass_bin.17,68.42614776696738,5039895,796267,1725003,1723603,795022
12C18O_168h_50_P13_coass_bin.20,66.63980293841738,2262034,376692,755729,751686,377927
12C16O_0h_100_P08_coass_bin.13,69.60178693793956,5738084,873480,1999273,1994536,870795
H3-18-all-fractions_metab_maxbC_83.Verrucomicrobia_60_12,60.3547013128465,2453219,489014,738537,742096,483572
12C16O_168h_100_P14_coass_bin.2,35.9955318554013,2113629,678996,379240,381572,673821
12C16O_24h_100_P14_coass_bin.5,68.88317731179734,5264551,819933,1813269,1813121,818228
12C16O_72h_100_P14_coass_bin.28,60.99690710089225,2880469,561512,877022,879975,561960
H3-16-all-fractions_metab_conc_100.Burkholderiales_71_0,70.6534879745213,6206281,914508,2193972,2190982,906819
12C16O_168h_100_P08_coass_bin.5,65.64549715720759,4744103,814914,1557497,1556793,814899
12C16O_48h_50_P10_coass_bin.22,69.28453071824376,2991561,459077,1036443,1036246,459795
H1-18-all-fractions_conc_118.Deltaproteobacteria_70_14,70.0136524613485,4813784,724482,1683637,1686669,718996
12C16O_168h_100_P16_coass_bin.18,63.54411410708898,3834363,699008,1216946,1219566,698843
12C18O_168h_50_P13_coass_bin.18,69.01983805190508,4832783,747758,1668770,1666809,749446
H1-16-all-fractions_metab_conc_37.Actinobacteria_70_13,70.31402211812853,3023131,447418,1062134,1063551,450028
H3-16-all-fractions_metab_44.Cytophagales_44_0,43.80043618234418,3847932,1084291,844747,840664,1078230
H3-18-all-fractions_metab_conc_21.Bacteria_57_12,56.848995320481954,6966102,1502679,1979726,1980433,1503264
H2-16-all-fractions_metab_12.Bacteria_57_7,56.557588114118005,2834960,619291,803877,799508,612284
H2-16-all-fractions_metab_conc_47.Alphaproteobacteria_65_18,65.0725825276202,7132915,1246506,2323477,2318095,1244837
H2-16-all-fractions_metab_conc_62.Propionibacteriales_70_25,69.56206694712682,3468110,527574,1205649,1206840,528047
H2-16-all-fractions_metab_114.Bacteria_70_8,69.90884085212744,4340102,654640,1519717,1514398,651347
12C16O_48h_50_P13_coass_bin.31,69.26909659304636,2908346,448044,1006613,1007972,445717
12C16O_48h_50_unf_bin.44,63.343952204919994,2559594,471342,812194,809154,466904
12C18O_168h_100_P16_coass_bin.4,63.02227425646362,5300783,980444,1670014,1670660,979665
12C18O_48h_100_P16_coass_bin.13,35.76885511991291,3285593,1058739,587091,588128,1051635
H1-18-all-fractions_metab_conc_19.Rhizobiales_64_12,63.56400083396463,2604427,474376,828298,827180,474573
12C16O_0h_50_P09_coass_bin.5,70.66085298541469,2334952,342055,825467,824430,343000
12C16O_24h_100_unf_bin.43,63.43025965845547,4249929,775471,1351186,1344555,778717
12C16O_24h_100_P16_coass_bin.16,68.46384385900629,4808782,758215,1646943,1645334,758290
12C16O_72h_100_unf_bin.27,69.10176371323138,4743685,732190,1638714,1639256,733525
12C16O_168h_50_P13_coass_bin.21,73.85413369687164,4350573,569357,1609292,1603786,568138
12C16O_24h_100_unf_bin.42,41.48710324577179,2021245,592085,420189,418367,590604
12C16O_0h_50_P09_coass_bin.4,35.58476201077379,3485683,1126900,618067,622305,1118411
H2-16-all-fractions_metab_conc_43.Acidobacteriales_58_14,58.33266201217329,3128160,653869,917499,907240,649552
12C16O_168h_50_unf_bin.10,65.38202244591534,2161195,377031,706631,706402,371131
H3-16-all-fractions_metab_conc_60.Gemmatimonadetes_63_0,62.91636614053282,5396092,997065,1698996,1696029,1004002
12C16O_24h_100_P16_coass_bin.17,74.00515335639652,4154962,541053,1539774,1535112,539023
12C18O_48h_100_P08_coass_bin.2,69.18510586712357,4693714,723740,1625331,1622020,722623
12C16O_0h_50_unf_bin.17,63.86977326800983,2436489,440926,777793,778387,439383
H1-18-all-fractions_metab_conc_103.Sphingomonadales_66_15,65.77554192758379,2194343,376609,721351,721990,374393
12C16O_0h_100_P14_coass_bin.15,69.39517120080816,4430791,679744,1539159,1535596,676292
12C16O_24h_100_unf_bin.32,69.23431786564187,2913363,446159,1009226,1007821,450157
12C16O_48h_50_unf_bin.45,63.80276068010199,2422519,438232,774217,771417,438653
H2-16-all-fractions_metab_conc_71.Burkholderiales_69_31,69.20093249471658,5388556,832632,1867530,1861401,826993
12C16O_48h_50_P13_coass_bin.30,72.00680825022232,3346528,467376,1203397,1206331,469424
12C16O_48h_50_P09_coass_bin.1,69.22144268506322,4712768,729288,1630723,1631523,721234
H3-18-all-fractions_metab_conc_14.Acidobacteria_55_25,54.81475181975466,5503077,1245309,1513867,1502631,1241270
12C16O_168h_100_P14_coass_bin.3,70.75439846427552,2902604,426136,1028099,1025621,422748
H1-16-all-fractions_metab_74.Sphingomonadales_70_12,70.37646641044094,2545672,375886,897574,893980,378232
H1-16-all-fractions_metab_conc_94.Propionibacteriales_69_21,69.27196740673793,4129197,633908,1427639,1432737,634913
H2-16-all-fractions_metab_123.Actinobacteria_72_22,72.23500049655783,2386429,332419,863067,860770,330173
H3-18-all-fractions_metab_conc_20.Propionibacteriales_70_14,69.98129744420515,3316659,499358,1161847,1159194,496260
H2-18-all-fractions_metab_maxbC_80.Verrucomicrobia_59_11,59.3159135689461,2456941,500391,728393,728964,499193
12C16O_168h_50_unf_bin.28,35.94177251512256,2376747,761172,426637,427608,761330
12C18O_168h_50_P09_coass_bin.16,35.658657563891026,3433385,1108108,611665,612634,1100978
12C16O_48h_50_P13_coass_bin.27,63.737574031170894,2516001,456964,804131,799507,455399
12C16O_168h_50_P13_coass_bin.1,36.11982808609339,1641752,525386,296922,296076,523368
12C18O_72h_100_P14_coass_bin.10,61.009089051659515,2926818,569702,892350,893275,571491
12C16O_72h_100_P16_coass_bin.39,61.041463288471796,3035191,591113,926004,926721,591353
H1-16-all-fractions_metab_conc_2.Bradyrhizobium_62_16,62.32552678294234,5024840,948998,1565256,1566502,944084
12C16O_0h_100_P16_coass_bin.12,35.88524974384901,2227202,716495,398584,400653,711470
H3-18-all-fractions_conc_15.Actinobacteria_69_13,69.27654322218447,6219017,959613,2153758,2154562,951084
12C18O_168h_50_P13_coass_bin.21,51.38855040634951,2835367,690977,729754,727300,687336
12C18O_24h_100_P14_coass_bin.5,61.051336311676216,2954887,573620,901908,902090,577269
12C18O_24h_100_P16_coass_bin.16,63.474498424662826,3610973,661751,1146831,1145216,657175
12C18O_168h_50_P10_coass_bin.25,63.73109549714273,2097979,381867,668961,668104,379047
