"","MAG","nsA","nsC","nsG","nsT","nstotal","nsGC","nsGC_skew","nsAT_skew"
"1","12C16O_0h_100_P08_coass_bin.13",0.238744075829384,0.222600710900474,0.320201421800948,0.218453791469194,6752,0.542802132701422,0.179809004092769,0.0443796566245546
"2","12C16O_0h_100_P08_coass_bin.18",0.192528735632184,0.274294670846395,0.330721003134796,0.202455590386625,3828,0.605015673981191,0.0932642487046633,-0.0251322751322751
"3","12C16O_0h_100_P08_coass_bin.20",0.298752373203146,0.178736099810144,0.284106319500949,0.238405207485761,7374,0.462842419311093,0.22765895106944,0.112345367331482
"4","12C16O_0h_100_P08_coass_bin.9",0.239029378951283,0.239308293045742,0.314615098549647,0.207047229453328,10756,0.553923391595389,0.13595166163142,0.0716965402250938
"5","12C16O_0h_100_P14_coass_bin.15",0.223665675379559,0.249413053686023,0.31961183283769,0.207309438096729,12778,0.569024886523713,0.123366799614909,0.0379516978391139
"6","12C16O_0h_100_P16_coass_bin.1",0.224366972477064,0.249467889908257,0.31948623853211,0.206678899082569,13625,0.568954128440367,0.123065015479876,0.0410352460412055
"7","12C16O_0h_100_P16_coass_bin.12",0.297729184188394,0.179142136248949,0.283571628819736,0.239557050742921,7134,0.462713765068685,0.225689185095426,0.108270284372554
"8","12C16O_0h_100_P16_coass_bin.2",0.214889386030326,0.272060651255282,0.319537658463833,0.193512304250559,8046,0.591598309719115,0.0802521008403362,0.0523432744978697
"9","12C16O_0h_100_unf_bin.12",0.230880023044793,0.243842719285611,0.312112919487253,0.213164338182342,6943,0.555955638772865,0.12279792746114,0.0398962049951346
"10","12C16O_0h_100_unf_bin.13",0.24874739844292,0.240422415786634,0.314113928929315,0.196716256841132,12973,0.554536344715948,0.132888518209619,0.116802214916075
"11","12C16O_0h_100_unf_bin.7",0.299285605715154,0.180878552971576,0.283021735826113,0.236814105487156,6579,0.46390028879769,0.220183486238532,0.116529628579529
"12","12C16O_0h_50_P09_coass_bin.11",0.233999494055148,0.238384349439244,0.318913905051016,0.208702251454591,11859,0.557298254490261,0.144499924345589,0.0571428571428572
"13","12C16O_0h_50_P09_coass_bin.13",0.237272727272727,0.255454545454545,0.305454545454545,0.201818181818182,3300,0.560909090909091,0.0891410048622367,0.0807453416149068
"14","12C16O_0h_50_P09_coass_bin.29",0.241642441860465,0.228015988372093,0.320130813953488,0.210210755813953,5504,0.548146802325581,0.168047729532648,0.0695617209489345
"15","12C16O_0h_50_P09_coass_bin.4",0.298243243243243,0.178513513513514,0.284054054054054,0.239189189189189,7400,0.462567567567568,0.228162430616418,0.109881820467689
"16","12C16O_0h_50_P09_coass_bin.5",0.207146974063401,0.262363112391931,0.331873198847262,0.198616714697406,8675,0.594236311239193,0.116973811833172,0.0210227272727273
"17","12C16O_0h_50_P09_coass_bin.6",0.291493383742911,0.19067422810334,0.289855072463768,0.227977315689981,7935,0.480529300567108,0.206399160765801,0.122270742358079
"18","12C16O_0h_50_P10_coass_bin.13",0.246768606910535,0.232744783306581,0.318830784827237,0.201655824955648,11837,0.551575568133818,0.156072905498545,0.10060286360211
"19","12C16O_0h_50_P10_coass_bin.14",0.293687315634218,0.189026548672566,0.290265486725664,0.227020648967552,8475,0.47929203539823,0.21122599704579,0.128030818037616
"20","12C16O_0h_50_P10_coass_bin.19",0.263865187713311,0.227175767918089,0.28882252559727,0.220136518771331,4688,0.515998293515358,0.119470855725506,0.0903481710004407
"21","12C16O_0h_50_P10_coass_bin.20",0.239594142741842,0.232906722010838,0.320880894730774,0.206618240516546,8673,0.553787616741612,0.158859046429315,0.0739018087855297
"22","12C16O_0h_50_P10_coass_bin.28",0.212150433944069,0.268632042981127,0.324975891996143,0.194241631078661,7259,0.59360793497727,0.0949176142956603,0.0440677966101695
"23","12C16O_0h_50_P10_coass_bin.29",0.234816384180791,0.241172316384181,0.307909604519774,0.216101694915254,8496,0.549081920903955,0.121543408360129,0.0415035238841033
"24","12C16O_0h_50_P10_coass_bin.6",0.239331194711772,0.223388743073782,0.330805871488286,0.206474190726159,10287,0.554194614562069,0.19382564462375,0.0737025730484082
"25","12C16O_0h_50_P13_coass_bin.10",0.198985563792431,0.257510729613734,0.340486409155937,0.203017297437898,7689,0.597997138769671,0.138755980861244,-0.0100291167906826
"26","12C16O_0h_50_P13_coass_bin.12",0.250699300699301,0.222727272727273,0.315034965034965,0.211538461538462,5720,0.537762237762238,0.171651495448635,0.0847201210287443
"27","12C16O_0h_50_P13_coass_bin.4",0.230611196712892,0.248758774182503,0.304057524396507,0.216572504708098,5841,0.55281629857901,0.100030969340353,0.0313935681470137
"28","12C16O_0h_50_unf_bin.17",0.22423256759504,0.249745883309616,0.323033136816426,0.202988412278918,9838,0.572779020126042,0.127950310559006,0.0497263859148228
"29","12C16O_0h_50_unf_bin.20",0.217800484001076,0.260105763197992,0.324370350452631,0.197723402348302,11157,0.584476113650623,0.109952461278945,0.0483175150992234
"30","12C16O_0h_50_unf_bin.25",0.212725425450851,0.258318516637033,0.322199644399289,0.206756413512827,7874,0.580518161036322,0.11004156639685,0.0142294883439298
"31","12C16O_0h_50_unf_bin.34",0.20840108401084,0.255962059620596,0.3210027100271,0.214634146341463,7380,0.576964769647696,0.112728980742132,-0.0147341447789878
"32","12C16O_168h_100_P08_coass_bin.1",0.227962250961202,0.246347430968193,0.316812303390423,0.208878014680182,14305,0.563159734358616,0.125124131082423,0.043686989918387
"33","12C16O_168h_100_P08_coass_bin.11",0.211740041928721,0.27326588278188,0.31555920153131,0.19943487375809,10971,0.588825084313189,0.0718266253869969,0.0299268454888051
"34","12C16O_168h_100_P08_coass_bin.16",0.299458985231759,0.180728176634011,0.283667202807428,0.236145635326802,6839,0.464395379441439,0.221662468513854,0.118209118209118
"35","12C16O_168h_100_P08_coass_bin.27",0.198960852817343,0.265251276538565,0.32975006718624,0.206037803457852,11163,0.595001343724805,0.10840108401084,-0.0174740101747401
"36","12C16O_168h_100_P08_coass_bin.31",0.220053308247099,0.239181561618062,0.344543744120414,0.196221386014425,12756,0.583725305738476,0.180499597099114,0.0572504708097928
"37","12C16O_168h_100_P08_coass_bin.5",0.234364604125083,0.237857618097139,0.31811377245509,0.209664005322688,12024,0.555971390552229,0.144353029169783,0.0556283948304926
"38","12C16O_168h_100_P08_coass_bin.7",0.216934542515938,0.26129119152375,0.323785579599533,0.197988686360779,11137,0.585076771123283,0.106813996316759,0.0456611123133521
"39","12C16O_168h_100_P14_coass_bin.2",0.29293488286294,0.182254196642686,0.282973621103118,0.241837299391256,5421,0.465227817745803,0.216494845360825,0.0955501897205933
"40","12C16O_168h_100_P14_coass_bin.3",0.195450530035336,0.276722614840989,0.318904593639576,0.208922261484099,4528,0.595627208480565,0.0708194289951798,-0.0333151283451666
"41","12C16O_168h_100_P14_coass_bin.32",0.1953125,0.264229910714286,0.323102678571429,0.217354910714286,3584,0.587332589285714,0.100237529691211,-0.0534144692359703
"42","12C16O_168h_100_P14_coass_bin.4",0.293997184180212,0.189555868424421,0.28849353641367,0.227953410981697,7813,0.47804940483809,0.206961178045515,0.126532614026484
"43","12C16O_168h_100_P14_coass_bin.5",0.244026635330983,0.232569526047787,0.32099490795143,0.2024089306698,10212,0.553564433999217,0.159738192110384,0.0932221978504058
"44","12C16O_168h_100_P14_coass_bin.7",0.201736736206714,0.245684634120513,0.345652864555756,0.206925765117018,9443,0.591337498676268,0.169054441260745,-0.0126975900492355
"45","12C16O_168h_100_P14_coass_bin.8",0.225257542310522,0.249540103016924,0.320088300220751,0.205114054451803,10872,0.569628403237675,0.123849507508477,0.0468048728360761
"46","12C16O_168h_100_P16_coass_bin.10",0.225894652191395,0.248250904704463,0.318455971049457,0.207398472054684,12435,0.56670687575392,0.123882503192848,0.0426874536005939
"47","12C16O_168h_100_P16_coass_bin.12",0.296511627906977,0.178514799154334,0.286337209302326,0.238636363636364,7568,0.46485200845666,0.231949971574758,0.108148148148148
"48","12C16O_168h_100_P16_coass_bin.18",0.238043659390102,0.234877520413264,0.308948508581903,0.218130311614731,12002,0.543826028995168,0.136203462540218,0.0436529680365297
"49","12C16O_168h_100_P16_coass_bin.27",0.254876141881327,0.231503579952267,0.314295119743231,0.199325158423175,12151,0.545798699695498,0.151688781664656,0.122304765356043
"50","12C16O_168h_100_P16_coass_bin.28",0.247724433339283,0.237551311797251,0.294842048902374,0.219882205961092,5603,0.532393360699625,0.107609788803218,0.0595419847328245
"51","12C16O_168h_100_P16_coass_bin.6",0.249349950685914,0.235990316506769,0.31417555814579,0.200484174661526,11153,0.55016587465256,0.142112125162973,0.108630655770381
"52","12C16O_168h_100_unf_bin.12",0.240569088165553,0.216641517568441,0.323022203061005,0.219767191205001,9278,0.539663720629446,0.197124026363092,0.0451884804495434
"53","12C16O_168h_100_unf_bin.13",0.210005350454789,0.270331728196897,0.321963616907437,0.197699304440877,7476,0.592295345104334,0.0871725383920506,0.0301837270341208
"54","12C16O_168h_100_unf_bin.17",0.23836914227711,0.235662324479783,0.317374386736593,0.208594146506513,11822,0.553036711216376,0.147751605995717,0.0666161998485996
"55","12C16O_168h_100_unf_bin.19",0.201495073054706,0.269622833843017,0.329255861365953,0.199626231736323,11772,0.59887869520897,0.0995744680851064,0.00465904277848364
"56","12C16O_168h_100_unf_bin.21",0.230492098583477,0.244984852206665,0.315811021043151,0.208712028166708,12213,0.560795873249816,0.126295809607242,0.0495898583146905
"57","12C16O_168h_100_unf_bin.25",0.242214126219297,0.228463979316018,0.329180867316959,0.200141027147726,8509,0.557644846632977,0.180611169652266,0.0951115834218916
"58","12C16O_168h_100_unf_bin.3",0.236062717770035,0.229819976771196,0.328397212543554,0.205720092915215,6888,0.55821718931475,0.176592977893368,0.0686822214919487
"59","12C16O_168h_100_unf_bin.37",0.30071773839168,0.180166984033983,0.283433426102241,0.235681851472096,6827,0.463600410136224,0.222748815165877,0.121245221190606
"60","12C16O_168h_100_unf_bin.4",0.293230070770463,0.190946721858726,0.288022432901589,0.227800774469222,7489,0.478969154760315,0.202676331195986,0.125576627370579
"61","12C16O_168h_100_unf_bin.5",0.23991400025294,0.241305172631845,0.32224611104085,0.196534716074364,7907,0.563551283672695,0.143626570915619,0.0993914807302231
"62","12C16O_168h_100_unf_bin.9",0.237392959086584,0.234157944814462,0.307136060894386,0.221313035204567,10510,0.541294005708849,0.134821585515908,0.035054967848994
"63","12C16O_168h_50_P09_coass_bin.15",0.295137976346912,0.183048620236531,0.286070959264126,0.235742444152431,7610,0.469119579500657,0.219607843137255,0.111881188118812
"64","12C16O_168h_50_P09_coass_bin.21",0.224299729845016,0.249893359874876,0.318711787288497,0.207095122991611,14066,0.568605147163373,0.121030257564391,0.0398813447593935
"65","12C16O_168h_50_P09_coass_bin.24",0.233226837060703,0.236741214057508,0.322843450479233,0.207188498402556,6260,0.559584664536741,0.153868113045961,0.0591222343126587
"66","12C16O_168h_50_P09_coass_bin.26",0.230897703549061,0.246903270702853,0.318162839248434,0.204036186499652,7185,0.565066109951287,0.126108374384236,0.06176
"67","12C16O_168h_50_P09_coass_bin.27",0.200923226433431,0.27891156462585,0.318756073858115,0.201409135082604,8232,0.597667638483965,0.0666666666666667,-0.00120772946859901
"68","12C16O_168h_50_P09_coass_bin.3",0.241110003323363,0.236124958457959,0.313974742439349,0.208790295779329,12036,0.550099700897308,0.141519407944419,0.0718374884579871
"69","12C16O_168h_50_P09_coass_bin.6",0.248236196319018,0.237423312883436,0.316027607361963,0.198312883435583,13040,0.553450920245399,0.142025772481641,0.111798042246265
"70","12C16O_168h_50_P09_coass_bin.9",0.243047705177481,0.234380887783556,0.317356243876705,0.205215163162258,13269,0.551737131660261,0.150389291080453,0.0843981170141223
"71","12C16O_168h_50_P10_coass_bin.1",0.248076474702728,0.228141757985544,0.31102821170436,0.212753555607368,8578,0.539169969689904,0.15372972972973,0.0766506450796863
"72","12C16O_168h_50_P10_coass_bin.11",0.23901247965274,0.244574064026044,0.315925122083559,0.200488334237656,7372,0.560499186109604,0.12729912875121,0.0876543209876543
"73","12C16O_168h_50_P10_coass_bin.16",0.293583844580777,0.185838445807771,0.291283231083845,0.229294478527607,7824,0.477121676891616,0.221001875167426,0.122952823270594
"74","12C16O_168h_50_P10_coass_bin.17",0.198486759142497,0.254981084489281,0.345271122320303,0.201261034047919,3965,0.600252206809584,0.150420168067227,-0.0069400630914826
"75","12C16O_168h_50_P10_coass_bin.18",0.205353800074878,0.273305877948334,0.317858479970049,0.203481842006739,5342,0.591164357918383,0.0753641545281824,0.00457875457875459
"76","12C16O_168h_50_P10_coass_bin.19",0.240848443380089,0.237256243585358,0.314745124871707,0.207150188162846,5846,0.552001368457065,0.140378060117756,0.0752195494463536
"77","12C16O_168h_50_P10_coass_bin.27",0.214561124971649,0.259242458607394,0.336811068269449,0.189385348151508,4409,0.596053526876843,0.13013698630137,0.0623245367770915
"78","12C16O_168h_50_P10_coass_bin.28",0.266451612903226,0.211290322580645,0.305806451612903,0.216451612903226,3100,0.517096774193548,0.182782283218964,0.103540414161657
"79","12C16O_168h_50_P10_coass_bin.31",0.18212478920742,0.304384485666105,0.3214586846543,0.192032040472175,4744,0.625843170320405,0.0272819131020546,-0.0264788732394366
"80","12C16O_168h_50_P10_coass_bin.36",0.239610111396744,0.236503856041131,0.325942587832048,0.197943444730077,9336,0.562446443873179,0.159017330032375,0.0952264381884945
"81","12C16O_168h_50_P10_coass_bin.4",0.247168386609615,0.232737645775652,0.318734793187348,0.201359174427385,11919,0.551472438963,0.155940970637456,0.102132435465769
"82","12C16O_168h_50_P13_coass_bin.1",0.303003137606455,0.179067682653519,0.282832810398924,0.235096369341103,4462,0.461900493052443,0.224648229015041,0.126197417742607
"83","12C16O_168h_50_P13_coass_bin.11",0.23937136627907,0.240552325581395,0.317768895348837,0.202307412790698,11008,0.558321220930233,0.138301334201106,0.083916083916084
"84","12C16O_168h_50_P13_coass_bin.12",0.239651578320429,0.234961286480048,0.32199225729601,0.203394877903514,13432,0.556953543776057,0.156262531747093,0.0818349857166863
"85","12C16O_168h_50_P13_coass_bin.16",0.241328047571853,0.242484307895606,0.303105384869508,0.213082259663033,6054,0.545589692765114,0.111111111111111,0.0621592148309706
"86","12C16O_168h_50_P13_coass_bin.21",0.205373406193078,0.261612021857923,0.34016393442623,0.192850637522769,4392,0.601775956284153,0.130533484676504,0.0314465408805031
"87","12C16O_168h_50_P13_coass_bin.23",0.216200236499803,0.253054789121009,0.3283405597162,0.202404414662988,5074,0.581395348837209,0.129491525423729,0.0329566854990584
"88","12C16O_168h_50_P13_coass_bin.24",0.221054858271048,0.249118601043576,0.320688196305176,0.2091383443802,14182,0.569806797348752,0.125603266922411,0.0277003769873791
"89","12C16O_168h_50_P13_coass_bin.8",0.196136865342163,0.277704194260486,0.335430463576159,0.190728476821192,9060,0.613134657836645,0.0941494149414942,0.0139800285306704
"90","12C16O_168h_50_unf_bin.10",0.2196072319202,0.226153366583541,0.3428927680798,0.211346633416459,6416,0.569046134663342,0.20514927417146,0.0191681735985534
"91","12C16O_168h_50_unf_bin.22",0.261878350896654,0.214642262895175,0.307358106858939,0.216121279349233,10818,0.522000369754114,0.177616433504516,0.0957261651518082
"92","12C16O_168h_50_unf_bin.24",0.260196016440089,0.210875750869428,0.30667088207398,0.222257350616503,3163,0.517546632943408,0.185094685400122,0.0786369593709044
"93","12C16O_168h_50_unf_bin.28",0.297849462365591,0.17741935483871,0.28294930875576,0.241781874039939,6510,0.46036866359447,0.229229229229229,0.103899800740108
"94","12C16O_168h_50_unf_bin.34",0.236754859260222,0.235779756874472,0.31580315933173,0.211662224533576,15383,0.551582916206202,0.145079552150854,0.0559582487677588
"95","12C16O_168h_50_unf_bin.37",0.209733965766137,0.267684058568777,0.327077747989276,0.195504227675809,9698,0.594761806558053,0.0998613037447989,0.0351145038167939
"96","12C16O_168h_50_unf_bin.47",0.207860063607451,0.237164925034075,0.343707405724671,0.211267605633803,8804,0.580872330758746,0.183418068048494,-0.008130081300813
"97","12C16O_168h_50_unf_bin.52",0.244566880930517,0.238547087031936,0.307213549637792,0.209672482399755,9801,0.545760636669728,0.125817909889699,0.0768194070080862
"98","12C16O_168h_50_unf_bin.54",0.292876384316073,0.185872493265489,0.291379826399282,0.229871296019156,6682,0.477252319664771,0.22107243650047,0.120526767821357
"99","12C16O_168h_50_unf_bin.57",0.225183468520664,0.252124372344535,0.317690227887215,0.205001931247586,10356,0.56981460023175,0.115065243179122,0.0469135802469135
"100","12C16O_24h_100_P08_coass_bin.11",0.201566224038134,0.281579843377596,0.314436499829758,0.202417432754511,5874,0.596016343207354,0.0551271065409883,-0.00210703750526759
"101","12C16O_24h_100_P08_coass_bin.12",0.211445682914656,0.263350524039261,0.328397937115289,0.196805855930794,12022,0.59174846115455,0.109924093337082,0.0358598207008965
"102","12C16O_24h_100_P08_coass_bin.15",0.248915220293725,0.238067423230975,0.315921228304406,0.197096128170895,11984,0.55398865153538,0.140533212833258,0.116183348924228
"103","12C16O_24h_100_P08_coass_bin.19",0.298473179300095,0.179164977705715,0.284015673557627,0.238346169436563,7401,0.463180651263343,0.226371061843641,0.112006040775233
"104","12C16O_24h_100_P08_coass_bin.20",0.223071099180948,0.24709202285085,0.323284465551655,0.206552412416546,14529,0.570376488402505,0.133582719922771,0.0384492149951939
"105","12C16O_24h_100_P08_coass_bin.7",0.23155929038282,0.272175536881419,0.301587301587302,0.194677871148459,4284,0.573762838468721,0.0512611879576892,0.0865279299014239
"106","12C16O_24h_100_P14_coass_bin.12",0.240497581202488,0.245565537894494,0.311909698226215,0.202027182676803,4341,0.55747523612071,0.11900826446281,0.0869338885996876
"107","12C16O_24h_100_P14_coass_bin.26",0.241713160485724,0.231949458483755,0.326960945191992,0.19937643583853,12188,0.558910403675747,0.169994128009395,0.0959821428571428
"108","12C16O_24h_100_P14_coass_bin.30",0.211505922165821,0.265016920473773,0.326847151720248,0.196630005640158,14184,0.591864072194021,0.104466944609887,0.0364484366902747
"109","12C16O_24h_100_P14_coass_bin.34",0.236876215165262,0.243357096565133,0.328094620868438,0.191672067401167,6172,0.571451717433571,0.148284661185143,0.105482041587902
"110","12C16O_24h_100_P14_coass_bin.36",0.241084165477889,0.239138892491246,0.317209181688497,0.202567760342368,7711,0.556348074179743,0.14032634032634,0.0868167202572347
"111","12C16O_24h_100_P14_coass_bin.5",0.226337448559671,0.245563271604938,0.318287037037037,0.209812242798354,15552,0.563850308641975,0.128977078344167,0.0378888397464248
"112","12C16O_24h_100_P16_coass_bin.1",0.248241749748821,0.23201174743025,0.319421902774558,0.200324600046371,12939,0.551433650204807,0.158514365802383,0.106822880771882
"113","12C16O_24h_100_P16_coass_bin.12",0.263928571428571,0.227142857142857,0.290892857142857,0.218035714285714,5600,0.518035714285714,0.12306101344364,0.0952204520192664
"114","12C16O_24h_100_P16_coass_bin.13",0.256570599963748,0.214881276055827,0.306597788653254,0.221950335327171,11034,0.521479064709081,0.175877650330205,0.0723484848484849
"115","12C16O_24h_100_P16_coass_bin.14",0.227221676260003,0.244981047311526,0.318685946932472,0.209111329495999,14246,0.563666994243998,0.130759651307597,0.0415057915057915
"116","12C16O_24h_100_P16_coass_bin.16",0.246233811998943,0.237512113470179,0.317945555457669,0.198308519073209,11351,0.555457668927848,0.144805709754163,0.107808164883076
"117","12C16O_24h_100_P16_coass_bin.17",0.202324797843666,0.257075471698113,0.336590296495957,0.204009433962264,5936,0.59366576819407,0.133938706015891,-0.00414593698175785
"118","12C16O_24h_100_P16_coass_bin.18",0.236642522368982,0.23988069876438,0.316659565402642,0.206817213463997,11735,0.556540264167022,0.137957433777369,0.0672559569561875
"119","12C16O_24h_100_P16_coass_bin.20",0.29639029892837,0.179075014100395,0.286520022560632,0.238014664410604,7092,0.465595036661027,0.230769230769231,0.109234828496042
"120","12C16O_24h_100_P16_coass_bin.6",0.195535573434296,0.27709417889257,0.340037860861335,0.1873323868118,12678,0.617132039753904,0.101993865030675,0.0214256283477544
"121","12C16O_24h_100_unf_bin.14",0.227748210680859,0.245549642136172,0.325105523949348,0.201596623233621,10898,0.57065516608552,0.13941148094549,0.0609104509510579
"122","12C16O_24h_100_unf_bin.18",0.22440382156022,0.227789061912285,0.341683592868427,0.206123523659069,13293,0.569472654780712,0.2,0.0424602481216145
"123","12C16O_24h_100_unf_bin.22",0.231039052147478,0.244602073427391,0.316392548133136,0.207966326291995,12829,0.560994621560527,0.12796998749479,0.0525568181818181
"124","12C16O_24h_100_unf_bin.28",0.242710472279261,0.229979466119097,0.323613963039014,0.203696098562628,7305,0.553593429158111,0.169139465875371,0.0873965041398345
"125","12C16O_24h_100_unf_bin.31",0.240995301896642,0.230033060727336,0.321907081955803,0.207064555420219,5747,0.551940142683139,0.166456494325347,0.0757281553398059
"126","12C16O_24h_100_unf_bin.32",0.219581411848173,0.264987584249734,0.318463994324228,0.196967009577865,11276,0.583451578573962,0.0916552667578659,0.0542899723227592
"127","12C16O_24h_100_unf_bin.34",0.238950383156591,0.242588435637433,0.318910132363186,0.19955104884279,12919,0.561498568000619,0.135925006892749,0.0898499558693734
"128","12C16O_24h_100_unf_bin.35",0.304181878526386,0.177231994689678,0.284600066379024,0.233986060404912,6026,0.461832061068702,0.232482932087675,0.130434782608696
"129","12C16O_24h_100_unf_bin.42",0.293320656049441,0.191942001426194,0.286546232469693,0.228191110054671,8414,0.478488233895888,0.197714853452558,0.124886052871468
"130","12C16O_24h_100_unf_bin.43",0.232227488151659,0.249078462348605,0.305072845357206,0.213621204142531,5697,0.55415130770581,0.101045296167247,0.0417322834645669
"131","12C16O_24h_100_unf_bin.47",0.24501300954033,0.234894478172882,0.311072564324949,0.209019947961839,6918,0.545967042497832,0.139528726502515,0.0792741165234002
"132","12C16O_24h_100_unf_bin.5",0.23788424259208,0.241761284962614,0.309747992245915,0.210606480199391,7222,0.55150927720853,0.123273914135074,0.0608212411238037
"133","12C16O_24h_100_unf_bin.50",0.206535947712418,0.264488017429194,0.315686274509804,0.213289760348584,4590,0.580174291938998,0.0882463387157341,-0.0160871821484173
"134","12C16O_48h_100_P08_coass_bin.17",0.235805487639228,0.24015213257267,0.316580639319026,0.207461740469075,11043,0.556732771891696,0.137280416395576,0.0639427987742595
"135","12C16O_48h_100_P08_coass_bin.21",0.245155512131575,0.239944634424361,0.317130760462465,0.197769092981599,12282,0.557075394886826,0.138555977784274,0.106985294117647
"136","12C16O_48h_100_P08_coass_bin.5",0.298020331728197,0.181781701444623,0.281701444622793,0.238496522204387,7476,0.463483146067416,0.215584415584416,0.110944901520818
"137","12C16O_48h_100_P08_coass_bin.8",0.228110599078341,0.264139086719732,0.308755760368664,0.198994553833264,4774,0.572894847088395,0.0778793418647166,0.0681706718979892
"138","12C16O_48h_100_P14_coass_bin.1",0.21397073561836,0.254560032070555,0.32080577269994,0.210663459611145,9978,0.575365804770495,0.115136735760321,0.00778852962001414
"139","12C16O_48h_100_P14_coass_bin.13",0.296556226538273,0.181818181818182,0.282683205483924,0.238942386159621,6127,0.464501387302105,0.217146872803935,0.107589149649497
"140","12C16O_48h_100_P14_coass_bin.26",0.293769620864525,0.191741125332045,0.286887225307897,0.227602028495532,8282,0.478628350639942,0.198789101917255,0.12691060676239
"141","12C16O_48h_100_P14_coass_bin.3",0.223600671385828,0.247391082244764,0.320586732832226,0.208421513537182,13703,0.56797781507699,0.128870615443916,0.0351351351351352
"142","12C16O_48h_100_P14_coass_bin.33",0.246411947245927,0.241854150504267,0.311384794414275,0.200349107835531,10312,0.553238944918542,0.125679228746713,0.103103972216193
"143","12C16O_48h_100_P14_coass_bin.34",0.229747675962815,0.245285524568393,0.316733067729084,0.208233731739708,7530,0.562018592297477,0.127126654064272,0.0491206791995148
"144","12C16O_48h_100_P14_coass_bin.6",0.23661574014636,0.244704069842085,0.315444858133265,0.20323533187829,7789,0.56014892797535,0.1262892505157,0.0758902510215995
"145","12C16O_48h_100_P14_coass_bin.7",0.246090156393744,0.231370745170193,0.319411223551058,0.203127874885005,10870,0.550781968721251,0.159846333723067,0.0956379275035839
"146","12C16O_48h_100_unf_bin.14",0.221949724095647,0.218516247700797,0.343470263641937,0.216063764561619,8155,0.561986511342734,0.222343443159502,0.013437849944009
"147","12C16O_48h_100_unf_bin.19",0.238767123287671,0.238630136986301,0.304931506849315,0.217671232876712,7300,0.543561643835616,0.121975806451613,0.046218487394958
"148","12C16O_48h_100_unf_bin.21",0.231307968957032,0.241718720424002,0.329736891917471,0.197236418701495,5283,0.571455612341473,0.154024511427625,0.0795053003533569
"149","12C16O_48h_100_unf_bin.25",0.234496610595029,0.242279688676877,0.32538287722822,0.197840823499874,11949,0.567662565905097,0.146395400265369,0.0847851335656214
"150","12C16O_48h_100_unf_bin.27",0.232309746328438,0.230440587449933,0.331909212283044,0.205340453938585,7490,0.562349799732977,0.180436847103514,0.0616229408175717
"151","12C16O_48h_100_unf_bin.29",0.305821870223704,0.174378213144366,0.281367236348479,0.238432680283451,7197,0.455745449492844,0.234756097560976,0.123819249425581
"152","12C16O_48h_100_unf_bin.32",0.232633507115683,0.247710300126814,0.310835564322953,0.20882062843455,7097,0.558545864449768,0.113017154389506,0.0539419087136929
"153","12C16O_48h_100_unf_bin.36",0.291666666666667,0.190087991718426,0.288172877846791,0.230072463768116,7728,0.478260869565217,0.20508658008658,0.118055555555556
"154","12C16O_48h_100_unf_bin.4",0.213634706525702,0.275063798760481,0.319176084578928,0.192125410134889,5486,0.594239883339409,0.0742331288343558,0.0530098831985624
"155","12C16O_48h_100_unf_bin.8",0.247365780230808,0.237999665495902,0.31685900652283,0.19777554775046,11958,0.554858672018732,0.142125094197438,0.111403343978959
"156","12C16O_48h_50_P09_coass_bin.1",0.224609834522783,0.251039134185554,0.31911222649204,0.205238804799624,12751,0.570151360677594,0.11939477303989,0.0450647692027002
"157","12C16O_48h_50_P09_coass_bin.18",0.237385419343785,0.23755675490448,0.314829092778206,0.210228732973529,11673,0.552385847682687,0.139888337468983,0.0606698564593301
"158","12C16O_48h_50_P09_coass_bin.2",0.237711746737018,0.24011848560585,0.319263167638619,0.202906600018513,10803,0.559381653244469,0.141486016879034,0.0789915966386555
"159","12C16O_48h_50_P09_coass_bin.3",0.239457320520068,0.24296212549463,0.322328999434709,0.195251554550594,8845,0.565291124929339,0.1404,0.101690507152146
"160","12C16O_48h_50_P09_coass_bin.4",0.234338102514238,0.234060286150854,0.327406584247812,0.204195027087095,7199,0.561466870398666,0.166254329539832,0.0687361419068736
"161","12C16O_48h_50_P10_coass_bin.10",0.238690611502614,0.243919072516481,0.327006137758582,0.190384178222323,8798,0.570925210275062,0.145530559426638,0.112582781456954
"162","12C16O_48h_50_P10_coass_bin.13",0.235626767200754,0.247313854853911,0.317530631479736,0.199528746465598,10610,0.564844486333647,0.12431169697981,0.0829542993285684
"163","12C16O_48h_50_P10_coass_bin.20",0.246553191489362,0.233531914893617,0.318808510638298,0.201106382978723,11750,0.552340425531915,0.154391371340524,0.101520912547528
"164","12C16O_48h_50_P10_coass_bin.22",0.21683647216219,0.260471338890604,0.322218791808171,0.200473397139035,9717,0.582690130698775,0.105969622041681,0.0392108508014797
"165","12C16O_48h_50_P10_coass_bin.25",0.206495828367104,0.262067938021454,0.325536352800953,0.205899880810489,6712,0.587604290822408,0.108012170385395,0.00144508670520231
"166","12C16O_48h_50_P10_coass_bin.27",0.219372539663605,0.254324227603483,0.317785995467017,0.208517237265895,8383,0.5721102230705,0.11092577147623,0.0253693894619459
"167","12C16O_48h_50_P10_coass_bin.29",0.217948717948718,0.241841491841492,0.342191142191142,0.198018648018648,8580,0.584032634032634,0.171821991618439,0.0479125805547773
"168","12C16O_48h_50_P10_coass_bin.30",0.243760649493836,0.230931141625739,0.314022251177709,0.211285957702716,9977,0.544953392803448,0.152473790693397,0.0713656387665198
"169","12C16O_48h_50_P10_coass_bin.36",0.243809118928685,0.237644808162398,0.30885322563503,0.209692847273887,9409,0.546498033797428,0.130299494360171,0.0752284977736115
"170","12C16O_48h_50_P10_coass_bin.38",0.207842782104691,0.274225683752943,0.319597898931353,0.198333635211012,11042,0.593823582684296,0.0764068933963703,0.0234113712374582
"171","12C16O_48h_50_P10_coass_bin.39",0.229917979429762,0.254393959119906,0.325348261945059,0.190339799505273,7681,0.579742221064965,0.122389400404222,0.0941759603469641
"172","12C16O_48h_50_P10_coass_bin.41",0.229087349069945,0.244316327640596,0.328184488197542,0.198411835091918,9193,0.572500815838138,0.146494394831845,0.0717557251908397
"173","12C16O_48h_50_P10_coass_bin.43",0.220261862754202,0.227597734237162,0.345900269291485,0.206240133717151,10769,0.573498003528647,0.206282383419689,0.0328761158284346
"174","12C16O_48h_50_P10_coass_bin.9",0.196002889477486,0.281483265109559,0.327955694678546,0.194558150734409,8306,0.609438959788105,0.0762544448834453,0.00369913686806412
"175","12C16O_48h_50_P13_coass_bin.11",0.207377049180328,0.255971896955503,0.339461358313817,0.197189695550351,8540,0.595433255269321,0.140216322517208,0.0251808972503618
"176","12C16O_48h_50_P13_coass_bin.16",0.202277432712215,0.267701863354037,0.327639751552795,0.202380952380952,9660,0.595341614906832,0.100678142931664,-0.000255819902788442
"177","12C16O_48h_50_P13_coass_bin.24",0.222941652564197,0.253329409167832,0.325509528364359,0.198219409903613,13591,0.57883893753219,0.124698106012457,0.0587002096436059
"178","12C16O_48h_50_P13_coass_bin.25",0.247240956468424,0.238350705088903,0.314837522992029,0.199570815450644,6524,0.553188228080932,0.13826544749238,0.106689536878216
"179","12C16O_48h_50_P13_coass_bin.27",0.242701056779509,0.241178577825542,0.316765180010747,0.199355185384202,11166,0.557943757836289,0.135473515248796,0.0980551053484603
"180","12C16O_48h_50_P13_coass_bin.30",0.193642921550947,0.271490832581906,0.341749323715059,0.193116922152089,13308,0.613240156296964,0.114569292978802,0.00136001554303479
"181","12C16O_48h_50_P13_coass_bin.31",0.213926028824449,0.268275742316374,0.321236325750998,0.196561903108179,5759,0.589512068067373,0.0898379970544919,0.0423011844331641
"182","12C16O_48h_50_P13_coass_bin.32",0.214416936401015,0.263843933164203,0.327005511328843,0.19473361910594,11431,0.590849444493045,0.106899615042938,0.0481077613855035
"183","12C16O_48h_50_unf_bin.11",0.215706650831354,0.270338479809976,0.316062945368171,0.197891923990499,6736,0.586401425178147,0.0779746835443038,0.0430725053840632
"184","12C16O_48h_50_unf_bin.12",0.201641867624423,0.269710962886951,0.337266974516846,0.19138019497178,5847,0.606977937403797,0.111298957452804,0.0261096605744125
"185","12C16O_48h_50_unf_bin.15",0.229408030471354,0.249960323758134,0.314870655451516,0.205760990318997,12602,0.564830979209649,0.114919921326215,0.0543398978847557
"186","12C16O_48h_50_unf_bin.16",0.287056061050778,0.190196653947755,0.293953624889932,0.228793660111535,6814,0.484150278837687,0.214307365868445,0.112944523470839
"187","12C16O_48h_50_unf_bin.17",0.250593542260209,0.225546058879392,0.319207027540361,0.204653371320038,8424,0.544753086419753,0.171932882981042,0.100912646675358
"188","12C16O_48h_50_unf_bin.20",0.301973506353068,0.176939713436064,0.284401189510679,0.236685590700189,7398,0.461340902946742,0.232932903603868,0.121204516938519
"189","12C16O_48h_50_unf_bin.28",0.23696397941681,0.228473413379074,0.333018867924528,0.201543739279588,11660,0.561492281303602,0.186192149075913,0.080774496381772
"190","12C16O_48h_50_unf_bin.33",0.248053154247339,0.236193470029292,0.318211045223977,0.197542330499393,13997,0.554404515253269,0.147938144329897,0.113355780022447
"191","12C16O_48h_50_unf_bin.39",0.227303754266212,0.237428896473265,0.323549488054607,0.211717861205916,8790,0.560978384527873,0.153518556073819,0.0355014252396994
"192","12C16O_48h_50_unf_bin.40",0.223429014740109,0.255546935608999,0.319162141194725,0.201861908456168,6445,0.574709076803724,0.110691144708423,0.0507114191900766
"193","12C16O_48h_50_unf_bin.41",0.217966713454983,0.237818327651895,0.328955283737718,0.215259675155404,9974,0.566773611389613,0.160799575446665,0.00624855357556117
"194","12C16O_48h_50_unf_bin.43",0.238288454444854,0.232939874585024,0.315289561047584,0.213482109922538,10844,0.548229435632608,0.150210260723297,0.054909165135742
"195","12C16O_48h_50_unf_bin.44",0.246071746219982,0.243551734361103,0.310702638600652,0.199673880818263,6746,0.554254372961755,0.121155389141482,0.104090455603592
"196","12C16O_48h_50_unf_bin.45",0.247059966955,0.24326951112839,0.312372436582758,0.197298085333852,10289,0.555641947711148,0.124365926185062,0.111986001749781
"197","12C16O_48h_50_unf_bin.7",0.246414044101905,0.248769000214087,0.296296296296296,0.208520659387711,4671,0.545065296510383,0.0871956009426551,0.0832941176470588
"198","12C16O_72h_100_P08_coass_bin.1",0.245429309849718,0.239398870489136,0.319613286110845,0.195558533550302,10447,0.559012156599981,0.143493150684932,0.113088777946603
"199","12C16O_72h_100_P08_coass_bin.10",0.301395063621033,0.181971485512801,0.28115897593132,0.235474474934846,6523,0.463130461444121,0.214167494207216,0.122786978869218
"200","12C16O_72h_100_P08_coass_bin.2",0.235545722713864,0.254424778761062,0.306194690265487,0.203834808259587,6780,0.560619469026549,0.0923441199684294,0.0721718697549513
"201","12C16O_72h_100_P08_coass_bin.23",0.229076790336497,0.248418176589014,0.316077077940754,0.206427955133736,13908,0.564495254529767,0.119857343013629,0.0520059435364041
"202","12C16O_72h_100_P08_coass_bin.29",0.229726890756303,0.251890756302521,0.321848739495798,0.196533613445378,9520,0.573739495798319,0.121933357744416,0.0778708723509118
"203","12C16O_72h_100_P08_coass_bin.6",0.233045622688039,0.243039781945616,0.325069764423389,0.198844830942955,15409,0.568109546369005,0.144391135480923,0.0791885800150263
"204","12C16O_72h_100_P14_coass_bin.14",0.294263412216578,0.190063189195886,0.286953289555198,0.228720109032338,8071,0.477016478751084,0.203116883116883,0.125325752191424
"205","12C16O_72h_100_P14_coass_bin.22",0.196538787365364,0.269393682681835,0.33607648553794,0.197991044414861,8263,0.605470168219775,0.110133919648211,-0.003680981595092
"206","12C16O_72h_100_P14_coass_bin.25",0.301752921535893,0.179326655537006,0.285336672231497,0.233583750695604,7188,0.464663327768503,0.22814371257485,0.127338877338877
"207","12C16O_72h_100_P14_coass_bin.28",0.246156612424706,0.231502292546975,0.317989750966466,0.204351344061854,11123,0.549492043513441,0.157395287958115,0.0927958491319098
"208","12C16O_72h_100_P14_coass_bin.33",0.249116310385457,0.247096448409359,0.31341524995792,0.190371991247265,5941,0.560511698367278,0.118318318318318,0.133665262351589
"209","12C16O_72h_100_P16_coass_bin.15",0.235995711605468,0.24015009380863,0.30809434467971,0.215759849906191,7462,0.548244438488341,0.12393057932046,0.0447938297241175
"210","12C16O_72h_100_P16_coass_bin.2",0.298961312659943,0.178082191780822,0.28300466656631,0.239951828992925,6643,0.461086858347132,0.227554684949396,0.109497206703911
"211","12C16O_72h_100_P16_coass_bin.26",0.292867027299031,0.190464209334507,0.287834947792175,0.228833815574286,7949,0.478299157126683,0.203577064702788,0.122739329635881
"212","12C16O_72h_100_P16_coass_bin.3",0.240165441176471,0.236305147058824,0.317555147058824,0.205974264705882,10880,0.553860294117647,0.14669764354464,0.0766378244746601
"213","12C16O_72h_100_P16_coass_bin.33",0.225684141114408,0.239284536762282,0.324348829541708,0.210682492581602,12132,0.563633366303989,0.150921322023984,0.0343785417453721
"214","12C16O_72h_100_P16_coass_bin.36",0.264462809917355,0.230630165289256,0.294938016528926,0.209969008264463,3872,0.525568181818182,0.122358722358722,0.114861186717474
"215","12C16O_72h_100_P16_coass_bin.38",0.239825092499159,0.234527413387151,0.313908509922637,0.211738984191053,11892,0.548435923309788,0.144740877031585,0.0621973929236499
"216","12C16O_72h_100_P16_coass_bin.39",0.245371202588531,0.231529750134819,0.320870034154233,0.202229013122416,11126,0.552399784289053,0.161731207289294,0.0963855421686747
"217","12C16O_72h_100_P16_coass_bin.5",0.239212279177527,0.221256878077034,0.321942272420118,0.217588570325321,10359,0.543199150497152,0.185356317753688,0.0473372781065089
"218","12C16O_72h_100_unf_bin.1",0.247426148980553,0.237399905793688,0.315860305497611,0.199313639728148,14861,0.553260211291299,0.141814643639017,0.107696942310589
"219","12C16O_72h_100_unf_bin.11",0.237084034701541,0.248996503949243,0.31063058396996,0.203288877379257,7723,0.559627087919202,0.110134197130958,0.0767421346662746
"220","12C16O_72h_100_unf_bin.12",0.245770589328872,0.229224762967094,0.313441160066927,0.211563487637107,5379,0.542665923034021,0.1551901336074,0.0747967479674796
"221","12C16O_72h_100_unf_bin.14",0.225787574368478,0.254657173510192,0.316980395981664,0.202574856139666,10253,0.571637569491856,0.109025763521583,0.0541894353369763
"222","12C16O_72h_100_unf_bin.16",0.241152062484745,0.240907981449841,0.317793507444472,0.200146448620942,8194,0.558701488894313,0.137614678899083,0.0929203539823009
"223","12C16O_72h_100_unf_bin.18",0.299483168040229,0.185081715323369,0.285933789635424,0.229501327000978,7159,0.471015504958793,0.2141162514828,0.13229469236863
"224","12C16O_72h_100_unf_bin.27",0.227723449360596,0.245708814880667,0.320864391711687,0.205703344047049,14623,0.566573206592355,0.132649366324683,0.0508046702429788
"225","12C16O_72h_100_unf_bin.38",0.237513594913411,0.237429933907806,0.314816364092696,0.210240107086087,11953,0.552246298000502,0.140130283290411,0.0609118086696562
"226","12C16O_72h_100_unf_bin.44",0.209588051072031,0.27125993736449,0.323536497229583,0.195615514333895,8302,0.594796434594074,0.0878898339408667,0.0344827586206896
"227","12C16O_72h_100_unf_bin.45",0.239413513790629,0.23685019993848,0.306572336716908,0.217163949553983,9753,0.543422536655388,0.128301886792453,0.0487311924545251
"228","12C16O_72h_100_unf_bin.7",0.300155279503106,0.18027950310559,0.283074534161491,0.236490683229814,6440,0.463354037267081,0.221849865951743,0.118634259259259
"229","12C18O_168h_100_P08_coass_bin.1",0.201016125469406,0.278330019880716,0.314777998674619,0.20587585597526,4527,0.593108018555335,0.0614525139664805,-0.0119435396308361
"230","12C18O_168h_100_P08_coass_bin.2",0.237357851439632,0.243043793854343,0.323977740140334,0.195620614565691,8266,0.567021533994677,0.142735225090676,0.09639564124057
"231","12C18O_168h_100_P08_coass_bin.24",0.238172780253685,0.234487487144326,0.316420980459376,0.210918752142612,11668,0.550908467603702,0.148724331051649,0.0606870229007634
"232","12C18O_168h_100_P08_coass_bin.27",0.246241575946086,0.237169517884914,0.316874027993779,0.19971487817522,7716,0.554043545878694,0.143859649122807,0.104330136588201
"233","12C18O_168h_100_P08_coass_bin.7",0.301108647450111,0.180192165558019,0.282335550628234,0.236363636363636,6765,0.462527716186253,0.220837328219879,0.12046204620462
"234","12C18O_168h_100_P08_coass_bin.8",0.227694225824047,0.246162237980207,0.318709576872127,0.207433959323619,12833,0.564871814852334,0.128431507794178,0.0465616045845272
"235","12C18O_168h_100_P14_coass_bin.20",0.300643536653609,0.178931169557918,0.283156127588137,0.237269166200336,7148,0.462087297146055,0.225552528004844,0.117815344603381
"236","12C18O_168h_100_P14_coass_bin.30",0.210943190094683,0.239985433357611,0.338219227967953,0.210852148579752,10984,0.578204661325564,0.169894504802393,0.000215842866393261
"237","12C18O_168h_100_P14_coass_bin.33",0.246349913387775,0.241400643405098,0.311061618411284,0.201187824795843,8082,0.552462261816382,0.126091825307951,0.10091235830799
"238","12C18O_168h_100_P14_coass_bin.35",0.244716351501669,0.233870967741935,0.317760474601409,0.203652206154987,10788,0.551631442343344,0.1520752814653,0.0915856936117428
"239","12C18O_168h_100_P14_coass_bin.4",0.292291220556745,0.192600523435641,0.287175826790388,0.227932429217226,8406,0.479776350226029,0.197123729233821,0.123713697690373
"240","12C18O_168h_100_P14_coass_bin.7",0.224662627375379,0.250413109336271,0.31795648581658,0.206967777471771,14524,0.56836959515285,0.118837068443368,0.0409953740628489
"241","12C18O_168h_100_P14_coass_bin.8",0.188564476885645,0.278994322789943,0.324817518248175,0.207623682076237,4932,0.603811841038118,0.0758898589657488,-0.0481064483111566
"242","12C18O_168h_100_P16_coass_bin.14",0.235834731878846,0.238072404699113,0.316550787181331,0.20954207624071,12513,0.554623191880444,0.14149855907781,0.0590346312578503
"243","12C18O_168h_100_P16_coass_bin.19",0.246776084407972,0.237543962485346,0.311840562719812,0.20383939038687,6824,0.549384525205158,0.13523606295012,0.0952845528455284
"244","12C18O_168h_100_P16_coass_bin.28",0.22557324375639,0.246896451000438,0.318387615013875,0.209142690229297,13694,0.565284066014313,0.126469448391681,0.0377960692088023
"245","12C18O_168h_100_P16_coass_bin.30",0.294789436117059,0.180157030692363,0.285224839400428,0.23982869379015,7005,0.465381870092791,0.225766871165644,0.102803738317757
"246","12C18O_168h_100_P16_coass_bin.34",0.240455020920502,0.220449790794979,0.325444560669456,0.213650627615063,7648,0.545894351464435,0.192335329341317,0.0590267780017276
"247","12C18O_168h_100_P16_coass_bin.36",0.248557725724612,0.237992632237437,0.3141030096615,0.199346632376451,14387,0.552095641898937,0.137857232783583,0.109869646182495
"248","12C18O_168h_100_P16_coass_bin.4",0.235637901019647,0.244963939318577,0.305023625963691,0.214374533698085,8042,0.549987565282268,0.109201899163464,0.0472506217187069
"249","12C18O_168h_100_P16_coass_bin.7",0.247642632631679,0.233831793504143,0.318220782931708,0.20030479093247,10499,0.552052576435851,0.152864044168392,0.105677227301722
"250","12C18O_168h_50_P09_coass_bin.11",0.244347126642238,0.230404861917955,0.315935293591921,0.209312717847886,11189,0.546340155509876,0.156551611320137,0.0772261623325453
"251","12C18O_168h_50_P09_coass_bin.14",0.238445281631903,0.227327023798585,0.332261325002297,0.201966369567215,10883,0.559588348800882,0.18752052545156,0.0828291258084707
"252","12C18O_168h_50_P09_coass_bin.15",0.234730538922156,0.241197604790419,0.313453093812375,0.21061876247505,12525,0.554650698602794,0.130272059881963,0.0541412692721406
"253","12C18O_168h_50_P09_coass_bin.16",0.302554027504912,0.18104881366178,0.280489647876681,0.235907510956627,6617,0.461538461538462,0.215455140798952,0.1237721021611
"254","12C18O_168h_50_P09_coass_bin.21",0.237985425698736,0.229314638870953,0.321003597454109,0.211696337976201,10841,0.550318236325062,0.166610794502179,0.0584615384615385
"255","12C18O_168h_50_P09_coass_bin.24",0.25266325119948,0.233878181670326,0.315361470277303,0.198097096852891,12297,0.54923965194763,0.148356529464021,0.121053581093271
"256","12C18O_168h_50_P09_coass_bin.25",0.227053140096618,0.24411231884058,0.323520531400966,0.205314009661836,13248,0.567632850241546,0.139893617021277,0.0502793296089386
"257","12C18O_168h_50_P09_coass_bin.3",0.250682935712985,0.234019304316154,0.310143871790202,0.205153888180659,10982,0.544163176106356,0.139892904953146,0.0998801438274071
"258","12C18O_168h_50_P10_coass_bin.11",0.230472131584205,0.24685356595858,0.315708863288273,0.206965439168942,15017,0.562562429246854,0.122395833333333,0.0537372507230933
"259","12C18O_168h_50_P10_coass_bin.12",0.257058956403885,0.224079512084933,0.304721030042918,0.214140501468263,8854,0.528800542127852,0.152498932080308,0.0910834132310642
"260","12C18O_168h_50_P10_coass_bin.25",0.241699664940603,0.242613463295766,0.317392628693268,0.198294243070362,6566,0.560006091989034,0.133532771280936,0.0986500519210799
"261","12C18O_168h_50_P10_coass_bin.26",0.247921207717769,0.232340356825704,0.315734237507064,0.204004197949463,12387,0.548074594332768,0.152157902489321,0.0971775634155055
"262","12C18O_168h_50_P10_coass_bin.6",0.221494370522006,0.257420675537359,0.326407369498465,0.19467758444217,9770,0.583828045035824,0.118162692847125,0.0644367929168716
"263","12C18O_168h_50_P10_coass_bin.8",0.210928489042676,0.267877739331027,0.326268742791234,0.194925028835063,6936,0.594146482122261,0.098277117204562,0.0394316163410302
"264","12C18O_168h_50_P10_coass_bin.9",0.291295495036905,0.188852125222703,0.289895647747518,0.229956731992874,7858,0.478747772970221,0.211057947900053,0.11767578125
"265","12C18O_168h_50_P13_coass_bin.12",0.202382993313904,0.26718669638265,0.333533344762558,0.196896965540888,11666,0.600720041145208,0.110445205479452,0.0137398024903392
"266","12C18O_168h_50_P13_coass_bin.13",0.246138262851355,0.238414788554064,0.306153456571284,0.209293492023297,7898,0.544568245125348,0.124389676819344,0.0809007506255213
"267","12C18O_168h_50_P13_coass_bin.16",0.291859974694222,0.187965696611837,0.292141150007029,0.228033178686911,7113,0.480106846618867,0.216983894582723,0.122769064359113
"268","12C18O_168h_50_P13_coass_bin.18",0.224976487975279,0.248354158269515,0.319427650141072,0.207241703614134,14886,0.567781808410587,0.125177472787506,0.0410320174075225
"269","12C18O_168h_50_P13_coass_bin.2",0.212687549355093,0.278494340615952,0.323374572255857,0.185443537773098,7598,0.601868912871808,0.0745681172097091,0.0684297520661157
"270","12C18O_168h_50_P13_coass_bin.20",0.232327948454571,0.246334858530208,0.32440003735176,0.196937155663461,10709,0.570734895881968,0.136780104712042,0.0824450728736132
"271","12C18O_168h_50_P13_coass_bin.21",0.273018549747049,0.21787521079258,0.296205733558179,0.212900505902192,11860,0.514080944350759,0.15237001804166,0.123720284574007
"272","12C18O_168h_50_P13_coass_bin.24",0.245804905034114,0.233265720081136,0.31237322515213,0.20855614973262,5423,0.545638945233266,0.144981412639405,0.0819805194805195
"273","12C18O_168h_50_P13_coass_bin.25",0.24243119266055,0.247706422018349,0.316399082568807,0.193463302752294,8720,0.564105504587156,0.12177271803212,0.112338858195212
"274","12C18O_168h_50_P13_coass_bin.28",0.234661354581673,0.239442231075697,0.309760956175299,0.216135458167331,10040,0.549203187250996,0.12803772216177,0.0410958904109589
"275","12C18O_168h_50_P13_coass_bin.3",0.202919020715631,0.267231638418079,0.330225988700565,0.199623352165725,10620,0.597457627118644,0.105437352245863,0.00818713450292399
"276","12C18O_168h_50_P13_coass_bin.4",0.210795202132386,0.26499333629498,0.328520657485562,0.195690804087072,13506,0.593513993780542,0.107035928143713,0.0371584699453552
"277","12C18O_168h_50_P13_coass_bin.5",0.218202059560256,0.250208739215141,0.323963261898135,0.207625939326468,10779,0.574172001113276,0.128453708191954,0.0248366013071895
"278","12C18O_168h_50_P13_coass_bin.9",0.301502145922747,0.178245708154506,0.282322961373391,0.237929184549356,7456,0.460568669527897,0.225975538730344,0.117851815017404
"279","12C18O_24h_100_P08_coass_bin.10",0.245796392540508,0.236930602262305,0.317130337307653,0.200142667889534,9813,0.554060939569958,0.144748942431488,0.102376599634369
"280","12C18O_24h_100_P08_coass_bin.11",0.238807458370725,0.239804566756406,0.322863695283677,0.198524279589191,10029,0.562668262040084,0.147616516037569,0.0921112631098951
"281","12C18O_24h_100_P08_coass_bin.18",0.238274673294316,0.238274673294316,0.314198669125311,0.209251984286058,12473,0.552473342419626,0.137425627630242,0.0648513077749911
"282","12C18O_24h_100_P08_coass_bin.24",0.299900835812438,0.176795580110497,0.283609576427256,0.239694007649809,7059,0.460405156537753,0.232,0.111577841953269
"283","12C18O_24h_100_P08_coass_bin.27",0.22409367982034,0.249919794674366,0.318254732114212,0.207731793391081,12468,0.568174526788579,0.120271033314512,0.037890044576523
"284","12C18O_24h_100_P08_coass_bin.28",0.20368031751759,0.27530218293343,0.314811473931084,0.206206025617896,5543,0.590113656864514,0.0669520024457353,-0.00616197183098592
"285","12C18O_24h_100_P08_coass_bin.29",0.228180997808431,0.254737656310429,0.319711228567745,0.197370117313394,7757,0.574448884878175,0.11310592459605,0.0724023023326265
"286","12C18O_24h_100_P14_coass_bin.13",0.301761136599082,0.180109516057422,0.280597898475655,0.237531448867841,6757,0.460707414533077,0.218117571474462,0.119099890230516
"287","12C18O_24h_100_P14_coass_bin.16",0.196067415730337,0.268352059925094,0.340823970037453,0.194756554307116,5340,0.609176029962547,0.118967107285583,0.00335409678965024
"288","12C18O_24h_100_P14_coass_bin.17",0.24420255560814,0.244320870799811,0.312233790818741,0.199242782773308,8452,0.556554661618552,0.12202380952381,0.101387406616862
"289","12C18O_24h_100_P14_coass_bin.33",0.227258038455324,0.25044433672645,0.319356923574083,0.202940701244143,12378,0.569801260300533,0.120941443357437,0.0565258215962441
"290","12C18O_24h_100_P14_coass_bin.5",0.251093171880256,0.243020517995291,0.300201816347124,0.205684493777329,5946,0.543222334342415,0.105263157894737,0.0994108983799706
"291","12C18O_24h_100_P14_coass_bin.6",0.29326986645511,0.188946185376173,0.289567631892106,0.22821631627661,7563,0.47851381726828,0.210279082619508,0.12474645030426
"292","12C18O_24h_100_P16_coass_bin.10",0.302196348240275,0.177295580841492,0.281688277322043,0.238819793596189,7558,0.458983858163535,0.22744306716633,0.117143555881634
"293","12C18O_24h_100_P16_coass_bin.16",0.237331194009894,0.243214333467041,0.307394036635914,0.212060435887151,7479,0.550608370102955,0.116561437591064,0.0562332639095507
"294","12C18O_24h_100_P16_coass_bin.17",0.249664767013074,0.237763995977204,0.315119007710359,0.197452229299363,11932,0.552883003687563,0.139912081249053,0.116776007497657
"295","12C18O_24h_100_P16_coass_bin.26",0.246043998456195,0.235044384407565,0.319471246622926,0.199440370513315,10364,0.55451563103049,0.152253349573691,0.10461338531514
"296","12C18O_24h_100_P16_coass_bin.28",0.243496357960458,0.235345126604232,0.3210197710718,0.20013874436351,5766,0.556364897676032,0.153990024937656,0.0977326035965598
"297","12C18O_48h_100_P08_coass_bin.1",0.227940579592499,0.244825066969722,0.321617014368049,0.20561733906973,12319,0.566442081337771,0.135568930925767,0.0514884853023778
"298","12C18O_48h_100_P08_coass_bin.10",0.288725690194478,0.19515843873249,0.289949680402557,0.226166190670475,7353,0.485108119135047,0.195402298850575,0.121500264131009
"299","12C18O_48h_100_P08_coass_bin.15",0.20007544322897,0.273255375330064,0.328630705394191,0.198038476046775,13255,0.601886080724255,0.0920030082727501,0.00511654349061967
"300","12C18O_48h_100_P08_coass_bin.18",0.234085290482077,0.236093943139679,0.322466007416564,0.207354758961681,6472,0.558559950556242,0.15463347164592,0.0605530276513825
"301","12C18O_48h_100_P08_coass_bin.19",0.217509898812143,0.257721073471183,0.322833260008799,0.201935767707875,11365,0.580554333479982,0.112155198545014,0.0371302706104469
"302","12C18O_48h_100_P08_coass_bin.2",0.222685998828354,0.24721734036321,0.327108963093146,0.20298769771529,13656,0.574326303456356,0.139104934336351,0.0462755891966282
"303","12C18O_48h_100_P08_coass_bin.24",0.298661174047374,0.179932323083713,0.284390172134765,0.237016330734147,6797,0.464322495218479,0.224968314321927,0.115078275199121
"304","12C18O_48h_100_P08_coass_bin.28",0.242785720550829,0.234979387773002,0.30488553635646,0.217349355319709,11401,0.539864924129462,0.12948822095857,0.0552802134959969
"305","12C18O_48h_100_P08_coass_bin.29",0.245669291338583,0.240157480314961,0.310433070866142,0.203740157480315,5080,0.550590551181102,0.127636753664641,0.0932982917214192
"306","12C18O_48h_100_P08_coass_bin.32",0.232992118851345,0.244043844551137,0.324032974001268,0.19893106259625,11039,0.568076818552405,0.140806888853452,0.0788590604026846
"307","12C18O_48h_100_P08_coass_bin.33",0.256023628167263,0.236748018032022,0.308098865226178,0.199129488574538,12866,0.5448468832582,0.13095577746077,0.125
"308","12C18O_48h_100_P08_coass_bin.5",0.24902781932396,0.242895602752019,0.307807358659886,0.200269219264134,6686,0.550702961411905,0.11787072243346,0.108521970705726
"309","12C18O_48h_100_P16_coass_bin.13",0.298038658328596,0.17964752700398,0.285105173393974,0.237208641273451,7036,0.464752700397953,0.226911314984709,0.113648433351036
"310","12C18O_48h_100_P16_coass_bin.16",0.236232730103133,0.238567814749951,0.307063631056626,0.21813582409029,10278,0.545631445806577,0.125534950071327,0.0398286937901499
"311","12C18O_48h_100_P16_coass_bin.25",0.246819906270922,0.238562820798929,0.309529122963624,0.205088149966525,4481,0.548091943762553,0.129478827361563,0.0923456790123457
"312","12C18O_48h_100_P16_coass_bin.33",0.236137306676726,0.240915377844838,0.317490255249591,0.205457060228844,7953,0.55840563309443,0.137131276739473,0.0694760820045558
"313","12C18O_48h_100_P16_coass_bin.34",0.240683628887176,0.221151374967875,0.318041634541249,0.220123361603701,7782,0.539193009509124,0.179694947569114,0.0446179587283882
"314","12C18O_48h_100_P16_coass_bin.36",0.24255573844082,0.243603172228041,0.314005686069131,0.199835403262008,13366,0.557608858297172,0.126257882731786,0.0965668865212244
"315","12C18O_72h_100_P08_coass_bin.13",0.299809644670051,0.180996192893401,0.284581218274112,0.234612944162437,6304,0.465577411167513,0.222487223168654,0.121994657168299
"316","12C18O_72h_100_P08_coass_bin.19",0.239141456819334,0.248098698664864,0.31434848740916,0.198411357106642,5917,0.562447186074024,0.117788461538462,0.093086133642333
"317","12C18O_72h_100_P08_coass_bin.25",0.236908998474835,0.239027283511269,0.315116082019997,0.208947635993899,11802,0.554143365531266,0.137308868501529,0.0627137970353477
"318","12C18O_72h_100_P08_coass_bin.28",0.248354003981014,0.224774154034604,0.319706017455214,0.207165824529169,6531,0.544480171489818,0.174353205849269,0.0904201680672269
"319","12C18O_72h_100_P08_coass_bin.31",0.257473481195757,0.222565091610415,0.3099324975892,0.210028929604629,10370,0.532497589199614,0.164070988772184,0.101485148514851
"320","12C18O_72h_100_P08_coass_bin.4",0.22763565259899,0.259573081310086,0.321655532018902,0.191135734072022,6137,0.581228613328988,0.106812447434819,0.08715953307393
"321","12C18O_72h_100_P08_coass_bin.5",0.217754814466886,0.255049318929075,0.320056364490371,0.207139502113668,10645,0.575105683419446,0.113034955896766,0.0249834180853416
"322","12C18O_72h_100_P14_coass_bin.10",0.246460355987055,0.231088187702265,0.311589805825243,0.210861650485437,9888,0.542677993527508,0.148341408870667,0.0778416629809819
"323","12C18O_72h_100_P14_coass_bin.17",0.201993040177159,0.241379310344828,0.348307497627333,0.20832015185068,6322,0.589686807972161,0.181330472103004,-0.015420200462606
"324","12C18O_72h_100_P14_coass_bin.18",0.199364364695756,0.271932728596967,0.333576110706482,0.195126796000795,15103,0.60550883930345,0.101804264625478,0.0107418596844578
"325","12C18O_72h_100_P14_coass_bin.20",0.294163223140496,0.18879132231405,0.288610537190083,0.228434917355372,7744,0.477401859504132,0.209088450094671,0.125772176921176
"326","12C18O_72h_100_P14_coass_bin.22",0.241194104421684,0.244816387709218,0.315263552335748,0.19872595553335,8006,0.560079940044966,0.125780553077609,0.0965360590573538
"327","12C18O_72h_100_P14_coass_bin.5",0.301686268952813,0.178404421142128,0.282131217231118,0.237778092673941,7057,0.460535638373246,0.225230769230769,0.118465983714211
"328","12C18O_72h_100_P16_coass_bin.10",0.240315725561627,0.243958712811172,0.318761384335155,0.196964177292046,8235,0.562720097146327,0.132930513595166,0.0991391280199944
"329","12C18O_72h_100_P16_coass_bin.2",0.242674253200569,0.236699857752489,0.319582740635372,0.201043148411569,10545,0.556282598387862,0.148994203886805,0.0938234665526822
"330","12C18O_72h_100_P16_coass_bin.23",0.284763420633772,0.198379395167125,0.287946751555491,0.228910432643612,6911,0.486326146722616,0.184171377566201,0.108732394366197
"331","12C18O_72h_100_P16_coass_bin.24",0.248002131060202,0.230864855265495,0.317439175990055,0.203693837684248,11262,0.54830403125555,0.157894736842105,0.0980931786907804
"332","12C18O_72h_100_P16_coass_bin.3",0.235303709743172,0.238157358336731,0.31667346106808,0.209865470852018,12265,0.55483081940481,0.141513592946363,0.0571428571428572
"333","12C18O_72h_100_P16_coass_bin.34",0.250296019673923,0.242189634757264,0.305856635394845,0.201657710173968,10979,0.548046270152109,0.116170849260429,0.107617896009674
"334","12C18O_72h_100_P16_coass_bin.5",0.299583911234397,0.175990137155186,0.286484820465403,0.237941131145015,6489,0.462474957620589,0.23892035988004,0.114678899082569
"335","H1-16-all-fractions_conc_50.Massilia_sp__JS1662_67_10",0.26068018093483,0.21795945719551,0.298207404925448,0.223152956944212,5969,0.516166862120958,0.155469003570269,0.0775623268698062
"336","H1-16-all-fractions_conc_93.Chloroflexi_54_9",0.243220338983051,0.234915254237288,0.314491525423729,0.207372881355932,11800,0.549406779661017,0.144840351689033,0.079556140680835
"337","H1-16-all-fractions_metab_31.Corynebacterium_durum_57_11",0.244538983882844,0.243557228176389,0.301889879734926,0.210013908205841,12223,0.545447107911315,0.106944652767362,0.0759539236861051
"338","H1-16-all-fractions_metab_48.Actinobacteria_68_21",0.203211517165006,0.269587486157254,0.332087486157254,0.195113510520487,14448,0.601674972314507,0.103876682388128,0.0203301476976543
"339","H1-16-all-fractions_metab_74.Sphingomonadales_70_12",0.24548311076198,0.252160251374705,0.312254516889238,0.190102120974077,2546,0.564414768263943,0.106471816283925,0.127141568981064
"340","H1-16-all-fractions_metab_conc_1.Actinobacteria_71_32",0.198410199905556,0.278765937352432,0.325121989611207,0.197701873130804,12706,0.603887926963639,0.0767626743125244,0.00178819789390024
"341","H1-16-all-fractions_metab_conc_2.Bradyrhizobium_62_16",0.247256953304414,0.234328485157778,0.304669558560857,0.21374500297695,11757,0.538998043718636,0.130503392772605,0.0726937269372694
"342","H1-16-all-fractions_metab_conc_20.Bacteria_65_10",0.237280544607668,0.228412755284844,0.328376925833035,0.205929774274454,11164,0.556789681117879,0.17953667953668,0.0707356507679871
"343","H1-16-all-fractions_metab_conc_21.Actinobacteria_69_13",0.209544432414425,0.261430832014658,0.332222869992504,0.196801865578413,12007,0.593653702007162,0.119248035914703,0.0313588850174216
"344","H1-16-all-fractions_metab_conc_28.Actinobacteria_70_20",0.194980034227039,0.271990872789504,0.332572732458642,0.200456360524815,8765,0.604563605248146,0.100207586337045,-0.0138488170802078
"345","H1-16-all-fractions_metab_conc_37.Actinobacteria_70_13",0.21608040201005,0.251256281407035,0.328857401762913,0.203805914820002,12139,0.580113683169948,0.133768815677364,0.0292328820875024
"346","H1-16-all-fractions_metab_conc_39.Actinobacteria_66_10",0.218513277282943,0.240739199200866,0.33030883209856,0.210438691417631,12013,0.571048031299426,0.156851311953353,0.0188239860275567
"347","H1-16-all-fractions_metab_conc_42.Ktedonobacter_racemifer_53_14",0.246014648858251,0.236794485135717,0.312365359758725,0.204825506247307,11605,0.549159844894442,0.137611799780323,0.0913608562691131
"348","H1-16-all-fractions_metab_conc_51.Actinobacteria_75_17",0.212389380530973,0.249222674001435,0.333413059076776,0.204974886390816,4181,0.582635733078211,0.144499178981938,0.0177650429799427
"349","H1-16-all-fractions_metab_conc_57.Solirubrobacterales_72_43",0.181202510736703,0.270317145688801,0.347786587380244,0.200693756194252,12108,0.618103733069045,0.125334045964725,-0.051038062283737
"350","H1-16-all-fractions_metab_conc_6.Bacteria_69_19",0.239340101522843,0.221319796954315,0.324957698815567,0.214382402707276,11820,0.546277495769882,0.189716586650147,0.0550065261980235
"351","H1-16-all-fractions_metab_conc_65.Bacteria_66_15",0.243189825556415,0.238205723124517,0.31537337801839,0.203231073300679,11637,0.553579101142906,0.139397702576839,0.0895091434071222
"352","H1-16-all-fractions_metab_conc_68.Ktedonobacter_racemifer_52_21",0.242644513672551,0.239702319141571,0.311613014884043,0.206040152301835,11556,0.551315334025614,0.130434782608696,0.0815814850530376
"353","H1-16-all-fractions_metab_conc_94.Propionibacteriales_69_21",0.238344346549192,0.247246696035242,0.31442731277533,0.199981644640235,10896,0.561674008810573,0.119607843137255,0.0875209380234506
"354","H1-18-all-fractions_conc_108.Bacteria_69_11",0.240060392551585,0.221103841637309,0.324022814963932,0.214812950847173,11922,0.545126656601241,0.188798276657947,0.0555043333947999
"355","H1-18-all-fractions_conc_118.Deltaproteobacteria_70_14",0.242652854408287,0.231730660961603,0.320121607927035,0.205494876703074,8881,0.551852268888639,0.160171393593144,0.0829145728643216
"356","H1-18-all-fractions_conc_122.Actinobacteria_70_12",0.197042282857738,0.269943761716309,0.327223495105186,0.205790460320767,4801,0.597167256821496,0.0959190791768399,-0.0217166494312306
"357","H1-18-all-fractions_conc_125.Pseudonocardiales_71_10",0.237076311304677,0.233951903048665,0.315470554819163,0.213501230827495,10562,0.549422457867828,0.148371531966224,0.0523219163689851
"358","H1-18-all-fractions_conc_24.Gemmatimonadetes_68_16",0.249679075738126,0.235157252888318,0.310012836970475,0.205150834403081,12464,0.545170089858793,0.137306843267108,0.0979008643499736
"359","H1-18-all-fractions_conc_3.Bacteria_68_14",0.23093121197941,0.230580252690688,0.327211043518952,0.21127749181095,8548,0.55779129620964,0.173238255033557,0.0444444444444444
"360","H1-18-all-fractions_conc_32.Gemmatimonadetes_61_9",0.247147230726412,0.239910937934873,0.309212357361536,0.203729473977178,3593,0.54912329529641,0.126203750633553,0.0962962962962964
"361","H1-18-all-fractions_conc_53.Chloroflexi_64_10",0.238269246740304,0.225396561747363,0.326966198820696,0.209367992691637,12041,0.552362760568059,0.183882122989024,0.0645640074211503
"362","H1-18-all-fractions_conc_55.Burkholderiales_64_14",0.255671588044653,0.222992437882607,0.303024846957148,0.218311127115592,11108,0.526017284839755,0.152147869245251,0.0788224121557455
"363","H1-18-all-fractions_conc_96.Pseudonocardiales_70_16",0.238394216133942,0.232781582952816,0.322203196347032,0.20662100456621,10512,0.554984779299848,0.161124442920809,0.0713980333475844
"364","H1-18-all-fractions_maxb_99.Actinobacteria_69_12",0.204741187960579,0.250821273195419,0.332593447571695,0.211844091272308,11263,0.583414720767114,0.140161314868361,-0.0170502983802216
"365","H1-18-all-fractions_metab_69.Sphingomonadales_65_37",0.237865911237016,0.23975448536355,0.324268177525968,0.198111425873466,10590,0.564022662889518,0.149840950945923,0.0911847520034655
"366","H1-18-all-fractions_metab_8.Bdellovibrionales_52_9",0.268332920894168,0.229646127196239,0.293491709972779,0.208529241936814,12123,0.523137837169018,0.122043519394513,0.125410828576371
"367","H1-18-all-fractions_metab_85.Ktedonobacter_racemifer_51_8",0.246715530355414,0.241045498547919,0.306596597980915,0.205642373115752,7231,0.547642096528834,0.11969696969697,0.0907979211250382
"368","H1-18-all-fractions_metab_conc_10.Actinobacteria_67_14",0.205276915536677,0.255432118934815,0.337526547949681,0.201764417578827,12242,0.592958666884496,0.138448822151811,0.00862933975516757
"369","H1-18-all-fractions_metab_conc_103.Sphingomonadales_66_15",0.231909684439608,0.250408052230686,0.318552774755169,0.199129488574538,7352,0.568960826985854,0.119770499641406,0.0760492268854528
"370","H1-18-all-fractions_metab_conc_105.Acidobacteria_57_8",0.262008175779254,0.226239141543178,0.299693408277976,0.212059274399591,7828,0.525932549821155,0.139664804469274,0.105362436001078
"371","H1-18-all-fractions_metab_conc_17.Bacteria_55_30",0.258970851310113,0.224350205198358,0.302746501104914,0.213932442386615,9503,0.527096706303273,0.148732281892593,0.0952380952380953
"372","H1-18-all-fractions_metab_conc_19.Rhizobiales_64_12",0.238292214507313,0.242576451469936,0.306692273600236,0.212439060422514,6769,0.549268725070173,0.116729424421732,0.0573582431989512
"373","H1-18-all-fractions_metab_conc_2.Burkholderia_graminis_63_9",0.254234282167243,0.225503236676421,0.301587301587302,0.218675179569034,11277,0.527090538263723,0.144347240915209,0.0751921995124696
"374","H1-18-all-fractions_metab_conc_20.Bacteria_57_11",0.262332660920594,0.22803961122318,0.301485420869246,0.20814230698698,10906,0.529525032092426,0.138701298701299,0.115182225687001
"375","H1-18-all-fractions_metab_conc_22.Bacteria_59_8",0.271716794320942,0.227722772277228,0.294694563796002,0.205865869605829,10706,0.52241733607323,0.128195959234758,0.137883825542734
"376","H1-18-all-fractions_metab_conc_23.RIF_CHLX_70_21",0.215285691030441,0.258587009604428,0.321911118346085,0.204216181019046,12286,0.580498127950513,0.109085810431856,0.0263872720217307
"377","H1-18-all-fractions_metab_conc_36.Alphaproteobacteria_64_14",0.234629507579324,0.24235006119951,0.317201770078147,0.205818661143019,10621,0.559551831277658,0.133770822816759,0.0654125694741342
"378","H1-18-all-fractions_metab_conc_37.Gemmatimonadetes_69_16",0.246140350877193,0.24,0.302982456140351,0.210877192982456,5700,0.542982456140351,0.115993537964459,0.0771593090211133
"379","H1-18-all-fractions_metab_conc_44.Gemmatimonadetes_61_12",0.247026169706582,0.240946338884483,0.300290774517579,0.211736716891356,7566,0.541237113402062,0.10964590964591,0.0769230769230769
"380","H1-18-all-fractions_metab_conc_47.Burkholderiales_71_15",0.252500200016001,0.227938235058805,0.300184014721178,0.219377550204016,12499,0.528122249779982,0.136797454931071,0.0701932858596134
"381","H1-18-all-fractions_metab_conc_56.Chloroflexi_54_13",0.246403600417906,0.235955959173833,0.311339709073375,0.206300731334887,12443,0.547295668247207,0.137738619676946,0.0885851233800817
"382","H1-18-all-fractions_metab_conc_57.Acidobacteria_55_29",0.273730684326711,0.213245033112583,0.301456953642384,0.211567328918322,11325,0.514701986754967,0.171384457025219,0.128093158660844
"383","H1-18-all-fractions_metab_conc_61.Actinobacteria_70_18",0.221505628517824,0.245895872420263,0.322936210131332,0.209662288930582,8528,0.568832082551595,0.13543599257885,0.0274680446015773
"384","H1-18-all-fractions_metab_conc_62.Sphingomonadales_68_16",0.232775398987933,0.249513429349942,0.317555469054107,0.200155702608019,12845,0.567068898404048,0.119989017023613,0.0753461607624528
"385","H1-18-all-fractions_metab_conc_71.Actinobacteria_71_26",0.197508305647841,0.272093023255814,0.330066445182724,0.200332225913621,6020,0.602159468438538,0.0962758620689655,-0.00709812108559501
"386","H1-18-all-fractions_metab_conc_80.Solirubrobacterales_69_26",0.223658579776873,0.252080750841155,0.324685673809102,0.199574995572871,11294,0.576766424650257,0.12588271415413,0.0569037656903765
"387","H1-18-all-fractions_metab_conc_86.Conexibacter_woesei_72_14",0.193922431027589,0.281167532986805,0.327708916433427,0.197201119552179,12505,0.608876449420232,0.0764381402679275,-0.00838274381517069
"388","H1-18-all-fractions_metab_maxb_101.Bacteria_63_9",0.224996182623301,0.250954344174683,0.32638570774164,0.197663765460376,13098,0.577340051916323,0.130653266331658,0.0646676300578035
"389","H1-18-all-fractions_metab_maxb_45.Sphingobacteriales_37_7",0.323500124470998,0.180109534478467,0.273462783171521,0.222927557879014,8034,0.453572317649988,0.205817782656422,0.184054669703872
"390","H1-18-all-fractions_metab_maxbC_21.Verrucomicrobia_59_13",0.261254328587918,0.238264717198923,0.296363986148519,0.20411696806464,10396,0.534628703347441,0.108672184238935,0.122778007441091
"391","H1-18-all-fractions_metab_maxbC_65.Verrucomicrobia_60_17",0.274455077086656,0.225544922913344,0.298112706007443,0.201887293992557,7524,0.523657628920787,0.138578680203046,0.15234375
"392","H2-16-all-fractions_maxb_conc_24.Ktedonobacter_racemifer_50_14",0.251803457193412,0.241322988975092,0.296175309650197,0.210698244181298,7347,0.537498298625289,0.102051152190428,0.088875809299588
"393","H2-16-all-fractions_metab_114.Bacteria_70_8",0.229014740108611,0.230256012412723,0.33700543056633,0.203723816912335,6445,0.567261442979053,0.188183807439825,0.0584438866977411
"394","H2-16-all-fractions_metab_12.Bacteria_57_7",0.258092823712949,0.241907176287051,0.298654446177847,0.201345553822153,10256,0.540561622464899,0.104978354978355,0.123514431239389
"395","H2-16-all-fractions_metab_121.Acidobacteria_65_12",0.245087900723888,0.237159600137883,0.317821440882454,0.199931058255774,11604,0.554981041020338,0.145341614906832,0.101471727343145
"396","H2-16-all-fractions_metab_123.Actinobacteria_72_22",0.194475138121547,0.278084714548803,0.328913443830571,0.198526703499079,5430,0.606998158379374,0.0837378640776699,-0.0103092783505155
"397","H2-16-all-fractions_metab_126.Actinobacteria_69_30",0.227168853152772,0.24333474396953,0.323994921709691,0.205501481168007,11815,0.567329665679221,0.142175145457258,0.0500782472613459
"398","H2-16-all-fractions_metab_138.Actinobacteria_69_25",0.213707010582011,0.255125661375661,0.335400132275132,0.195767195767196,12096,0.590525793650794,0.135937281254375,0.043811831213406
"399","H2-16-all-fractions_metab_56.Actinobacteria_73_59",0.202612481857765,0.2644412191582,0.335123367198839,0.197822931785196,6890,0.599564586357039,0.117889130961026,0.0119608553823849
"400","H2-16-all-fractions_metab_57.Sphingomonadales_64_21",0.232619982271749,0.241863998986957,0.323034063568444,0.20248195517285,7897,0.564898062555401,0.143689755660166,0.0692665890570431
"401","H2-16-all-fractions_metab_63.Actinobacteria_69_71",0.195851080612084,0.27251932481464,0.329073986433191,0.202555608140085,12678,0.601593311247831,0.0940081290153403,-0.0168283508216195
"402","H2-16-all-fractions_metab_75.Sphingomonadales_65_38",0.237717186178174,0.241035986204204,0.32010151623609,0.201145311381532,15367,0.561137502440294,0.140902238200162,0.0833333333333333
"403","H2-16-all-fractions_metab_conc_1.Acidobacteriales_58_9",0.263175230566535,0.215909090909091,0.30368906455863,0.217226613965744,6072,0.519598155467721,0.168938193343899,0.0956462118615015
"404","H2-16-all-fractions_metab_conc_100.Burkholderia_graminis_63_15",0.266061452513966,0.223929236499069,0.290735567970205,0.21927374301676,4296,0.514664804469274,0.129805517865219,0.0964028776978417
"405","H2-16-all-fractions_metab_conc_101.Burkholderiales_63_22",0.262295081967213,0.211412702678491,0.303592224312461,0.222699991041835,11163,0.515004926990952,0.178987650026091,0.0816401920945697
"406","H2-16-all-fractions_metab_conc_119.Actinobacteria_73_28",0.225829051844932,0.243110695936478,0.32204577300327,0.20901447921532,4282,0.565156468939748,0.139669421487603,0.0386680988184748
"407","H2-16-all-fractions_metab_conc_131.Actinobacteria_71_27",0.218218036943137,0.254980079681275,0.322165881926838,0.20463600144875,5522,0.577145961608113,0.116410417320364,0.032119914346895
"408","H2-16-all-fractions_metab_conc_137.Bacteria_60_16",0.268675069166923,0.238139153601803,0.288451685623527,0.204734091607747,9759,0.52659083922533,0.0955438801323215,0.135064935064935
"409","H2-16-all-fractions_metab_conc_16.Bacteria_60_11",0.253737611288426,0.22644045019318,0.312783470519066,0.207038467999328,11906,0.539223920712246,0.1601246105919,0.101348888078746
"410","H2-16-all-fractions_metab_conc_17.Alphaproteobacteria_61_12",0.244470314318976,0.233119906868452,0.319266589057043,0.20314318975553,10308,0.552386495925495,0.15595363540569,0.0923276983094928
"411","H2-16-all-fractions_metab_conc_19.Actinobacteria_69_35",0.213252015712218,0.258838122803391,0.318896009923506,0.209013851560885,9674,0.577734132726897,0.103954195741635,0.0100367197062424
"412","H2-16-all-fractions_metab_conc_25.Burkholderiales_70_14",0.263120692701891,0.215762502208871,0.301466690227955,0.219650114861283,5659,0.517229192436826,0.165698667577725,0.0900439238653002
"413","H2-16-all-fractions_metab_conc_33.Sphingomonadales_63_10",0.228512457614625,0.248562582927908,0.314462627156126,0.208462332301342,6783,0.563025210084034,0.117046347211312,0.0458839406207827
"414","H2-16-all-fractions_metab_conc_42.Caulobacterales_70_17",0.233362910381544,0.251109139307897,0.31307305530908,0.202454895001479,6762,0.564182194616977,0.109829619921363,0.0709195792331184
"415","H2-16-all-fractions_metab_conc_43.Acidobacteriales_58_14",0.26331130975515,0.22444617178391,0.300427516517684,0.211815001943257,5146,0.524873688301593,0.14476119955572,0.10838445807771
"416","H2-16-all-fractions_metab_conc_47.Alphaproteobacteria_65_18",0.237620678916225,0.231495899512094,0.318280909374027,0.212602512197654,9633,0.549776808886121,0.15785498489426,0.0555683652294213
"417","H2-16-all-fractions_metab_conc_5.Streptomyces_sviceus_71_22",0.222176194421431,0.253935376967688,0.314553990610329,0.209334438000552,7242,0.568489367578017,0.106631042020889,0.02976
"418","H2-16-all-fractions_metab_conc_60.Proteobacteria_70_13",0.22762331838565,0.232645739910314,0.328071748878924,0.211659192825112,5575,0.560717488789238,0.170185540626999,0.0363413638219681
"419","H2-16-all-fractions_metab_conc_62.Propionibacteriales_70_25",0.250796540737369,0.239872553482021,0.303140646335913,0.206190259444697,4394,0.543013199817934,0.116512992455993,0.097609561752988
"420","H2-16-all-fractions_metab_conc_65.Actinobacteria_69_12",0.190763398242288,0.268481819748406,0.341461313113907,0.199293468895399,11606,0.609943132862313,0.119649668032208,-0.0218687872763419
"421","H2-16-all-fractions_metab_conc_71.Burkholderiales_69_31",0.24822695035461,0.230260047281324,0.299054373522459,0.222458628841608,4230,0.529314420803783,0.129968736042876,0.054746358613762
"422","H2-16-all-fractions_metab_conc_77.Actinobacteria_71_48",0.200906468891636,0.261227853316852,0.335475896168109,0.202389781623403,12135,0.596703749484961,0.124430327302859,-0.00367797302819777
"423","H2-16-all-fractions_metab_conc_97.Actinobacteria_72_48",0.178526645768025,0.285579937304075,0.34012539184953,0.19576802507837,6380,0.625705329153605,0.0871743486973948,-0.0460636515912898
"424","H2-18-all-fractions_metab_36.Geodermatophilales_73_36",0.206665223977494,0.264444925340835,0.325903484094352,0.202986366587319,4621,0.590348409435187,0.104105571847507,0.00898045430533545
"425","H2-18-all-fractions_metab_49.Bacteria_55_6",0.262020590564544,0.226722479918543,0.299241995700871,0.212014933816043,8839,0.525964475619414,0.137879113787911,0.105489260143198
"426","H2-18-all-fractions_metab_63.Massilia_66_19",0.259298140371926,0.221355728854229,0.295290941811638,0.224055188962208,6668,0.516646670665867,0.14310595065312,0.0729134346881787
"427","H2-18-all-fractions_metab_84.Actinobacteria_68_115",0.216794509487283,0.263706096083973,0.313685910375454,0.20581348405329,12385,0.577392006459427,0.0865613200950916,0.0259839510890332
"428","H2-18-all-fractions_metab_91.Actinobacteria_71_22",0.183946488294314,0.277591973244147,0.330148112756808,0.20831342570473,6279,0.607740086000956,0.0864779874213836,-0.0621193666260658
"429","H2-18-all-fractions_metab_conc_15.Gemmatimonadetes_61_16",0.247227658186562,0.231245923026745,0.321591650358774,0.199934768427919,9198,0.552837573385519,0.163421828908555,0.105762217359592
"430","H2-18-all-fractions_metab_conc_22.Proteobacteria_61_13",0.240233036326251,0.236034955448938,0.317254969156957,0.206477039067855,11672,0.553289924605894,0.146794673273459,0.075565784426544
"431","H2-18-all-fractions_metab_conc_39.Bacteria_66_9",0.259131718115853,0.22211290124216,0.310293936785143,0.208461443856844,8131,0.532406838027303,0.165627165627166,0.108364018937401
"432","H2-18-all-fractions_metab_conc_45.Bacteria_60_9",0.270099461251554,0.235391628677994,0.289370078740157,0.205138831330294,9652,0.524761707418152,0.102862783810464,0.136690647482014
"433","H2-18-all-fractions_metab_conc_56.Bacteria_56_17",0.260430507573744,0.223314731154221,0.304987155638232,0.211267605633803,11289,0.528301886792453,0.154594232059021,0.104225352112676
"434","H2-18-all-fractions_metab_conc_57.Sphingobacteriales_44_10",0.311147675853558,0.188564376799671,0.284738790621144,0.215549156725627,12155,0.473303167420814,0.203198331305406,0.181505779443924
"435","H2-18-all-fractions_metab_conc_62.Actinobacteria_69_13",0.192971327074347,0.268459781781274,0.332022329358031,0.206546561786349,7882,0.600482111139305,0.105852524825692,-0.0339790409653858
"436","H2-18-all-fractions_metab_conc_82.Actinobacteria_69_16",0.2072684870275,0.263434068603634,0.326304537945778,0.202992906423088,10291,0.589738606549412,0.106607348821882,0.0104216011369019
"437","H2-18-all-fractions_metab_conc_98.Propionibacteriales_71_10",0.248816412414519,0.246536910398036,0.292477643345608,0.212169033841838,5703,0.539014553743644,0.0852309694209498,0.0794979079497908
"438","H2-18-all-fractions_metab_maxbC_80.Verrucomicrobia_59_11",0.262366186784791,0.238002953119232,0.296511627906977,0.203119232189,10836,0.534514581026209,0.109461325966851,0.127279936558287
"439","H3-16-all-fractions_conc_123.Niastella_koreensis_45_0",0.320198245043874,0.179964250893728,0.281605459863503,0.218232044198895,12308,0.461569710757231,0.220207709910227,0.189376791911876
"440","H3-16-all-fractions_conc_3.Actinobacteria_70_0",0.233928788431158,0.244987240247904,0.320938145582695,0.200145825738243,8229,0.565925385830599,0.134206570753704,0.0778275475923852
"441","H3-16-all-fractions_conc_58.Chloroflexi_52_0",0.248145987834347,0.236396966919423,0.308557620198317,0.206899425047913,12001,0.54495458711774,0.132415902140673,0.0906427394250137
"442","H3-16-all-fractions_maxb_26.Sphingobacteriales_42_0",0.313564557408878,0.188597652457859,0.288677080575413,0.20916070955785,11331,0.477274733033272,0.209689349112426,0.199729866621644
"443","H3-16-all-fractions_metab_130.Bacteria_58_0",0.250142915475704,0.225969783585137,0.310739077174357,0.213148223764802,12245,0.536708860759494,0.157942787583688,0.0798519301956637
"444","H3-16-all-fractions_metab_140.Gemmatimonadetes_61_0",0.24254840523821,0.23684421949064,0.316140435446292,0.204466939824857,12447,0.552984654936933,0.143396774662211,0.0851905104241553
"445","H3-16-all-fractions_metab_147.Actinobacteria_71_0",0.235248447204969,0.245923913043478,0.31638198757764,0.202445652173913,5152,0.562305900621118,0.125302036589575,0.0749445676274944
"446","H3-16-all-fractions_metab_148.Actinobacteria_72_0",0.212066968516374,0.27145414341371,0.316836895861851,0.199641992208066,9497,0.588291039275561,0.077143368534097,0.0301790281329924
"447","H3-16-all-fractions_metab_155.Actinobacteria_71_0",0.204425282681201,0.248027332628325,0.337346457333442,0.210200927357032,12293,0.585373789961767,0.152584769316287,-0.0139297626054542
"448","H3-16-all-fractions_metab_25.Hyalangium_minutum_68_0",0.256590041714742,0.229786101002929,0.30762403479187,0.205999822490459,11267,0.537410135794799,0.144838976052849,0.109363008442057
"449","H3-16-all-fractions_metab_43.Acidobacteria_54_0",0.257152705963461,0.221992416408135,0.305756635642882,0.215098241985522,2901,0.527749052051017,0.158719790986283,0.0890510948905109
"450","H3-16-all-fractions_metab_44.Cytophagales_44_0",0.324677558039553,0.177386070507309,0.265434221840069,0.23250214961307,11630,0.442820292347377,0.198834951456311,0.165432098765432
"451","H3-16-all-fractions_metab_47.Bacteria_61_0",0.244534412955466,0.233704453441296,0.320748987854251,0.201012145748988,9880,0.554453441295547,0.156991602774735,0.0976828714220809
"452","H3-16-all-fractions_metab_67.RIF_CHLX_70_0",0.199763033175355,0.265402843601896,0.330450236966825,0.204383886255924,8440,0.59585308056872,0.109166832372241,-0.011433597185576
"453","H3-16-all-fractions_metab_76.Alphaproteobacteria_69_0",0.225936199722607,0.230790568654646,0.328294036061026,0.21497919556172,7210,0.559084604715673,0.174398412304639,0.0248505819440075
"454","H3-16-all-fractions_metab_conc_1.Bacteria_58_0",0.268856970843726,0.229293884923024,0.298443278575729,0.203405865657521,11627,0.527737163498753,0.13102998696219,0.138590420688399
"455","H3-16-all-fractions_metab_conc_10.Gemmatimonadetes_68_0",0.252611680429808,0.232215699930355,0.314695055218386,0.200477564421451,10051,0.546910755148741,0.150809532472258,0.115063680281072
"456","H3-16-all-fractions_metab_conc_100.Burkholderiales_71_0",0.252560786342473,0.226694257630626,0.301707190894982,0.219037765131919,9665,0.528401448525608,0.141962012923438,0.0710838086880211
"457","H3-16-all-fractions_metab_conc_11.Cystobacter_violaceus_70_0",0.246623354419559,0.236279705932638,0.314840143614293,0.20225679603351,11698,0.551119849546931,0.14254692104855,0.0988383165111408
"458","H3-16-all-fractions_metab_conc_113.RIFCSPLOWO2_12_FULL_Bacteroidetes_35_15_curated_45_0",0.322277357012275,0.192043179246104,0.264821102115435,0.220858361626186,11487,0.456864281361539,0.159298780487805,0.186728642410643
"459","H3-16-all-fractions_metab_conc_118.Mycobacterium_smegmatis_66_0",0.238747060799463,0.242526032919046,0.316341954988243,0.202384951293248,11908,0.558867987907289,0.132081141998497,0.0824290881401104
"460","H3-16-all-fractions_metab_conc_126.Actinobacteria_70_0",0.198246163482618,0.254149702474162,0.341841528343251,0.205762605699969,6386,0.595991230817413,0.147136100893326,-0.0186046511627907
"461","H3-16-all-fractions_metab_conc_13.Lysobacter_68_0",0.252786083174776,0.23049741777657,0.306876868714325,0.20983963033433,7358,0.537374286490894,0.14213454729388,0.0928319623971798
"462","H3-16-all-fractions_metab_conc_152.Gemmatimonadetes_60_0",0.247984644913628,0.229462571976967,0.324664107485605,0.1978886756238,10420,0.554126679462572,0.171804641496363,0.112354713732243
"463","H3-16-all-fractions_metab_conc_29.Actinobacteria_71_0",0.230486568677141,0.240369994931576,0.32704004054739,0.202103395843893,7892,0.567410035478966,0.152746761947298,0.0656121851200937
"464","H3-16-all-fractions_metab_conc_30.Propionibacteriales_71_0",0.236111111111111,0.251282051282051,0.303205128205128,0.209401709401709,4680,0.55448717948718,0.0936416184971098,0.0599520383693045
"465","H3-16-all-fractions_metab_conc_31.Alphaproteobacteria_63_0",0.235489220563847,0.234162520729685,0.320978441127695,0.209369817578773,12060,0.55514096185738,0.156385362210605,0.0587138863000932
"466","H3-16-all-fractions_metab_conc_32.Actinobacteria_69_0",0.216373173473211,0.273698014237542,0.314162607718247,0.195766204571,5338,0.587860621955789,0.0688336520076482,0.05
"467","H3-16-all-fractions_metab_conc_36.Acidobacteriales_61_0",0.256380054966627,0.229093050647821,0.299960738123282,0.214566156262269,5094,0.529053788771103,0.133951762523191,0.0887869945810755
"468","H3-16-all-fractions_metab_conc_38.Bacteria_65_0",0.238475270397984,0.244670797017747,0.31492176835031,0.20193216423396,9523,0.559592565368056,0.125539500844436,0.0829756795422032
"469","H3-16-all-fractions_metab_conc_40.Bacteroidetes_44_0",0.318647252231094,0.190981681540629,0.270737435415688,0.219633630812588,10645,0.461719116956318,0.172736520854527,0.183944153577661
"470","H3-16-all-fractions_metab_conc_46.Alphaproteobacteria_61_0",0.250691332125489,0.221226280156384,0.321445599313436,0.206636788404692,10487,0.54267187946982,0.184677561061325,0.0963302752293578
"471","H3-16-all-fractions_metab_conc_6.RIF_CHLX_71_0",0.201948051948052,0.278571428571429,0.320779220779221,0.198701298701299,4620,0.599350649350649,0.0704225352112676,0.00810372771474879
"472","H3-16-all-fractions_metab_conc_60.Gemmatimonadetes_63_0",0.242142857142857,0.239285714285714,0.309821428571429,0.20875,5600,0.549107142857143,0.128455284552846,0.074059405940594
"473","H3-16-all-fractions_metab_conc_77.Bacteria_60_0",0.263389288569145,0.234412470023981,0.297162270183853,0.205035971223022,10008,0.531574740207834,0.118045112781955,0.12457337883959
"474","H3-16-all-fractions_metab_conc_78.Burkholderia_graminis_63_0",0.2671215567349,0.222643416729846,0.290371493555724,0.21986353297953,3957,0.51301491028557,0.132019704433498,0.0970420342501297
"475","H3-16-all-fractions_metab_conc_83.Actinobacteria_70_0",0.191437007874016,0.285802165354331,0.323449803149606,0.199311023622047,8128,0.609251968503937,0.0617932148626817,-0.0201511335012595
"476","H3-16-all-fractions_metab_conc_87.Propionibacteriales_68_0",0.236245400872765,0.251219303499615,0.310858218533413,0.201677077094207,11687,0.562077522033028,0.106104429898006,0.0789370847987495
"477","H3-16-all-fractions_metab_conc_90.Bacteria_60_0",0.250624546699976,0.230800225642679,0.312676283342735,0.20589894431461,12409,0.543476508985414,0.150652431791222,0.0979699911738746
"478","H3-16-all-fractions_metab_conc_98.Alphaproteobacteria_63_0",0.223417608032993,0.231307154384077,0.33306437152591,0.21221086605702,11154,0.564371525909988,0.180301826846704,0.0257254579131508
"479","H3-16-all-fractions_metab_maxb_73.Sphingobacteriales_41_0",0.313053097345133,0.198561946902655,0.274059734513274,0.214325221238938,3616,0.472621681415929,0.159742539496782,0.18720503408495
"480","H3-16-all-fractions_metab_maxbC_112.Burkholderiales_62_0",0.254759746146872,0.216034192462116,0.3076026421448,0.221603419246212,7721,0.523636834606916,0.174870145931239,0.0696030451332246
"481","H3-16-all-fractions_metab_maxbC_136.Myxococcales_66_0",0.269975786924939,0.225316115146624,0.300376647834275,0.204331450094162,7434,0.525692762980899,0.142784032753327,0.13840045377198
"482","H3-16-all-fractions_metab_maxbC_4.Bacteria_48_0",0.301221166892809,0.220443238353686,0.263229308005427,0.215106286748078,11055,0.483672546359114,0.0884608191509258,0.166783461807989
"483","H3-18-all-fractions_conc_15.Actinobacteria_69_13",0.197827542593557,0.26820921062421,0.33144855293505,0.202514693847184,13441,0.599657763559259,0.10545905707196,-0.0117078609923806
"484","H3-18-all-fractions_metab_8.Gemmatimonadetes_73_36",0.236169640455483,0.246122119609074,0.321348516094324,0.196359723841119,11153,0.567470635703398,0.132564386158951,0.0920398009950248
"485","H3-18-all-fractions_metab_conc_100.Actinobacteria_71_31",0.199457504520796,0.264376130198915,0.340867992766727,0.195298372513562,11060,0.605244122965642,0.126381834478638,0.0105359596885021
"486","H3-18-all-fractions_metab_conc_14.Acidobacteria_55_25",0.272344900105152,0.213196635120925,0.30161233788994,0.212846126883982,11412,0.514808973010866,0.171744680851064,0.122629582806574
"487","H3-18-all-fractions_metab_conc_20.Propionibacteriales_70_14",0.235794892100574,0.251633339932687,0.310829538705207,0.201742229261532,5051,0.562462878637894,0.10524463217177,0.0778280542986425
"488","H3-18-all-fractions_metab_conc_21.Bacteria_57_12",0.249869451697128,0.218711923411662,0.316013925152306,0.215404699738903,11490,0.534725848563969,0.181966145833333,0.0740740740740741
"489","H3-18-all-fractions_metab_conc_25.Acidobacteria_57_11",0.26363024455912,0.211502505422182,0.308353900231845,0.216513349786852,13371,0.519856405654027,0.186304128902316,0.0981308411214954
"490","H3-18-all-fractions_metab_conc_30.Actinobacteria_69_22",0.209494150324047,0.258479925932161,0.324972645400219,0.207053278343574,11881,0.58345257133238,0.11396422388921,0.00585976965043449
"491","H3-18-all-fractions_metab_conc_37.Alphaproteobacteria_64_16",0.230208074276714,0.23617673878803,0.320567023128575,0.213048163806682,12063,0.556743761916604,0.151578320428827,0.0387132971759865
"492","H3-18-all-fractions_metab_conc_4.Bradyrhizobium_62_18",0.245409015025042,0.242070116861436,0.301836393989983,0.210684474123539,5990,0.543906510851419,0.10988336402701,0.0761346998535871
"493","H3-18-all-fractions_metab_conc_49.Actinobacteria_70_18",0.207163025709615,0.267796106405112,0.321295883489374,0.203744984395898,13458,0.589091989894487,0.0908173562058526,0.0083182640144665
"494","H3-18-all-fractions_metab_conc_55.Sphingomonadales_70_13",0.223487118034751,0.248891551827442,0.327261833433194,0.200359496704614,8345,0.576153385260635,0.136023294509151,0.0545660163980775
"495","H3-18-all-fractions_metab_conc_57.Acidobacteria_56_18",0.266910102590854,0.221874456616241,0.302729960006955,0.20848548078595,11502,0.524604416623196,0.154126615843553,0.12289685442575
"496","H3-18-all-fractions_metab_conc_6.Bacteria_64_56",0.237051104972376,0.24067679558011,0.318974447513812,0.203297651933702,11584,0.559651243093923,0.139904365262996,0.0766516369339345
"497","H3-18-all-fractions_metab_conc_69.Acidobacteria_55_11",0.252577713281906,0.221797907278699,0.306499656304896,0.219124723134499,13093,0.528297563583594,0.160329622668787,0.070919689119171
"498","H3-18-all-fractions_metab_conc_70.Bacteria_59_10",0.264307908188834,0.233737596471885,0.298185827403027,0.203768667936253,9977,0.531923423874912,0.121160731109855,0.129336188436831
"499","H3-18-all-fractions_metab_conc_75.Burkholderiales_69_10",0.259191512712639,0.221145052130968,0.304371684653375,0.215291750503018,5467,0.525516736784342,0.158371040723982,0.0925212027756361
"500","H3-18-all-fractions_metab_conc_87.Bacteria_55_12",0.25362101688143,0.226151233642993,0.305763659974029,0.214464089501548,10011,0.531914893617021,0.149671361502347,0.0836534357661118
"501","H3-18-all-fractions_metab_maxbC_50.Actinobacteria_69_9",0.206840546479411,0.25546957103277,0.330753797649756,0.206936084838062,10467,0.586223368682526,0.128422425032594,-0.000230893558069676
"502","H3-18-all-fractions_metab_maxbC_83.Verrucomicrobia_60_12",0.268028141489154,0.231385577486809,0.293531366034786,0.207054914989252,10234,0.524916943521595,0.118391660461653,0.128342245989305
