MAG,ribo_aa_cn,ribo_AA_mean_cost
12C16O_0h_100_P08_coass_bin.13,3.220559034672369,22.706849315068492
12C16O_0h_100_P08_coass_bin.18,3.17,21.829983987189753
12C16O_0h_100_P08_coass_bin.5,3.261093321134492,22.332506747638327
12C16O_0h_100_P08_coass_bin.9,3.2160275220074874,22.557543431880525
12C16O_0h_100_P14_coass_bin.15,3.2257586327171257,22.274824811834932
12C16O_0h_100_P16_coass_bin.1,3.2219124159422665,22.25904041020632
12C16O_0h_100_P16_coass_bin.12,3.3856702619414483,22.9918453976765
12C16O_0h_100_P16_coass_bin.2,3.2602159354926883,21.630540111199366
12C16O_0h_100_unf_bin.12,3.229911396272533,22.62625491556789
12C16O_0h_100_unf_bin.13,3.2425560958962545,22.357777496519425
12C16O_0h_100_unf_bin.7,3.361171186158709,23.060700389105055
12C16O_0h_50_P09_coass_bin.11,3.2095020557332115,22.588485934914505
12C16O_0h_50_P09_coass_bin.13,3.2883125631525765,21.88035019455253
12C16O_0h_50_P09_coass_bin.29,3.2279782693053938,22.661927007299273
12C16O_0h_50_P09_coass_bin.4,3.390694900089472,22.954235826686784
12C16O_0h_50_P09_coass_bin.5,3.21279258981099,21.67607611306115
12C16O_0h_50_P09_coass_bin.6,3.363276276701089,22.79644825474587
12C16O_0h_50_P10_coass_bin.13,3.196854764107308,22.502063292903948
12C16O_0h_50_P10_coass_bin.14,3.3792460370321034,22.893210586881473
12C16O_0h_50_P10_coass_bin.19,3.268899744126541,23.132725998598453
12C16O_0h_50_P10_coass_bin.20,3.202894933865735,22.581347932792152
12C16O_0h_50_P10_coass_bin.28,3.29831086316442,21.497296698426766
12C16O_0h_50_P10_coass_bin.29,3.2477495107632093,22.51907638347623
12C16O_0h_50_P10_coass_bin.6,3.1929715762273903,22.4809464313603
12C16O_0h_50_P13_coass_bin.10,3.206750478272752,21.582983447719016
12C16O_0h_50_P13_coass_bin.12,3.2692752505782576,22.865880322209428
12C16O_0h_50_P13_coass_bin.4,3.3068181818181817,22.399154453213082
12C16O_0h_50_unf_bin.17,3.241390914189568,21.92702747162362
12C16O_0h_50_unf_bin.20,3.2627860696517414,21.74179298397575
12C16O_0h_50_unf_bin.25,3.2516474464579903,21.880475998386448
12C16O_0h_50_unf_bin.34,3.2501089957854963,22.311216771125995
12C16O_168h_100_P08_coass_bin.1,3.2373027035474293,22.332838245532606
12C16O_168h_100_P08_coass_bin.11,3.2512508584322575,21.772885751332662
12C16O_168h_100_P08_coass_bin.16,3.38214401033258,22.84547574626866
12C16O_168h_100_P08_coass_bin.27,3.251543063336815,21.788749126484976
12C16O_168h_100_P08_coass_bin.31,3.1691609214730114,22.28410941475827
12C16O_168h_100_P08_coass_bin.5,3.2078788425132965,22.591693899782133
12C16O_168h_100_P08_coass_bin.7,3.2364280094413846,22.021683599419443
12C16O_168h_100_P14_coass_bin.2,3.3971340839303994,22.976741440377804
12C16O_168h_100_P14_coass_bin.3,3.2772391505078486,21.905247018739352
12C16O_168h_100_P14_coass_bin.32,3.265123010130246,22.004502572898797
12C16O_168h_100_P14_coass_bin.4,3.369232987312572,22.791903674486193
12C16O_168h_100_P14_coass_bin.5,3.179620400805853,22.629356762856677
12C16O_168h_100_P14_coass_bin.7,3.182218794755977,21.769491525423724
12C16O_168h_100_P14_coass_bin.8,3.2032254771868938,22.35946731976121
12C16O_168h_100_P16_coass_bin.10,3.226083840917234,22.35205717339033
12C16O_168h_100_P16_coass_bin.12,3.381945457197025,22.93632334318278
12C16O_168h_100_P16_coass_bin.18,3.2650972364380757,22.506738321620503
12C16O_168h_100_P16_coass_bin.27,3.230014534883721,22.54999320928969
12C16O_168h_100_P16_coass_bin.28,3.300136425648022,22.73300634737449
12C16O_168h_100_P16_coass_bin.6,3.1891257578720906,22.585090316849275
12C16O_168h_100_unf_bin.12,3.2469164533395394,22.663584117032393
12C16O_168h_100_unf_bin.13,3.276359924165087,21.49454392247735
12C16O_168h_100_unf_bin.17,3.2223665893271463,22.562621900250765
12C16O_168h_100_unf_bin.19,3.2437923250564333,21.714137518287007
12C16O_168h_100_unf_bin.21,3.2238616819045895,22.49218028780885
12C16O_168h_100_unf_bin.25,3.148960160360812,22.520781459490518
12C16O_168h_100_unf_bin.3,3.1605839416058394,22.590385064177365
12C16O_168h_100_unf_bin.37,3.390851375549406,22.89910756223579
12C16O_168h_100_unf_bin.4,3.3720233637861314,22.81348726801899
12C16O_168h_100_unf_bin.5,3.2183020948180814,22.22108285479902
12C16O_168h_100_unf_bin.9,3.293698105173515,22.482492163009407
12C16O_168h_50_P09_coass_bin.15,3.3842788391424823,22.781503254251522
12C16O_168h_50_P09_coass_bin.21,3.229107086113759,22.296706798866857
12C16O_168h_50_P09_coass_bin.24,3.2,22.382755966127792
12C16O_168h_50_P09_coass_bin.26,3.233374960974087,22.410162790697676
12C16O_168h_50_P09_coass_bin.27,3.2702127659574467,21.496319136635194
12C16O_168h_50_P09_coass_bin.3,3.2093127983427903,22.698199672667755
12C16O_168h_50_P09_coass_bin.6,3.248233591555291,22.36366956302733
12C16O_168h_50_P09_coass_bin.9,3.261129072370057,22.167194928684623
12C16O_168h_50_P10_coass_bin.1,3.2179085785848467,22.896720061022123
12C16O_168h_50_P10_coass_bin.11,3.2148949131891564,22.131302189122092
12C16O_168h_50_P10_coass_bin.16,3.3792558540439592,22.891200828157352
12C16O_168h_50_P10_coass_bin.17,3.1553296846494656,21.954444883445273
12C16O_168h_50_P10_coass_bin.18,3.2803905938620965,21.53766271333526
12C16O_168h_50_P10_coass_bin.19,3.2980019029495717,21.96241036955323
12C16O_168h_50_P10_coass_bin.27,3.1241413150147204,22.334339622641508
12C16O_168h_50_P10_coass_bin.28,3.2450331125827816,23.104278922345483
12C16O_168h_50_P10_coass_bin.31,3.193073593073593,21.29135483870968
12C16O_168h_50_P10_coass_bin.36,3.2618133845046775,21.979264039065225
12C16O_168h_50_P10_coass_bin.4,3.194398530762167,22.622123525329634
12C16O_168h_50_P13_coass_bin.1,3.4134542705971276,22.961940836940837
12C16O_168h_50_P13_coass_bin.11,3.2894655545257954,21.87857886130519
12C16O_168h_50_P13_coass_bin.12,3.2554320782882735,22.068841900595455
12C16O_168h_50_P13_coass_bin.16,3.260094579847217,22.594357026587083
12C16O_168h_50_P13_coass_bin.21,3.1077386468952732,21.682932011331445
12C16O_168h_50_P13_coass_bin.23,3.178221944617947,22.17438717787555
12C16O_168h_50_P13_coass_bin.24,3.244803149606299,22.277864552978205
12C16O_168h_50_P13_coass_bin.8,3.1296846435100547,21.732486956521736
12C16O_168h_50_unf_bin.10,3.1709199747952113,21.85425912670007
12C16O_168h_50_unf_bin.22,3.268227562127747,22.667046663626692
12C16O_168h_50_unf_bin.24,3.2954388389771943,23.052138073158165
12C16O_168h_50_unf_bin.28,3.377235500584991,23.08799414348463
12C16O_168h_50_unf_bin.34,3.2246711695698544,22.60125
12C16O_168h_50_unf_bin.37,3.2257628645422813,21.709564785702465
12C16O_168h_50_unf_bin.47,3.1724627395315825,22.03133131349135
12C16O_168h_50_unf_bin.52,3.2128066621652036,22.594727919986436
12C16O_168h_50_unf_bin.54,3.3178612432343777,23.064135429262393
12C16O_168h_50_unf_bin.57,3.198027937551356,22.329419975186106
12C16O_24h_100_P08_coass_bin.11,3.2634977578475337,21.759102902374668
12C16O_24h_100_P08_coass_bin.12,3.242796843457515,21.64052104208417
12C16O_24h_100_P08_coass_bin.15,3.213080361214996,22.468789372774577
12C16O_24h_100_P08_coass_bin.19,3.3866547512660112,22.932299073475544
12C16O_24h_100_P08_coass_bin.20,3.228663199755277,22.30480845742867
12C16O_24h_100_P08_coass_bin.7,3.331742243436754,21.7000754147813
12C16O_24h_100_P14_coass_bin.12,3.2706304459251667,22.568437025796662
12C16O_24h_100_P14_coass_bin.26,3.1757265877287404,22.48317731651065
12C16O_24h_100_P14_coass_bin.30,3.2039846743295017,21.72664250113276
12C16O_24h_100_P14_coass_bin.34,3.191880638445524,22.074161684429427
12C16O_24h_100_P14_coass_bin.36,3.1664120016668984,22.64751757937353
12C16O_24h_100_P14_coass_bin.5,3.2413520884168223,22.33787782034909
12C16O_24h_100_P16_coass_bin.1,3.1797857082595122,22.658088894581788
12C16O_24h_100_P16_coass_bin.12,3.2484508133230054,23.145502645502642
12C16O_24h_100_P16_coass_bin.13,3.2754690336897316,22.79534152186939
12C16O_24h_100_P16_coass_bin.14,3.22291552920989,22.299523698884755
12C16O_24h_100_P16_coass_bin.16,3.199580232780004,22.483333333333334
12C16O_24h_100_P16_coass_bin.17,3.1840512022141496,21.808880810179172
12C16O_24h_100_P16_coass_bin.18,3.2095747624757864,22.559793814432982
12C16O_24h_100_P16_coass_bin.20,3.3820540878536813,22.901039078382652
12C16O_24h_100_P16_coass_bin.6,3.1369072164948455,21.623200698515653
12C16O_24h_100_unf_bin.14,3.222493390278625,22.117120096197205
12C16O_24h_100_unf_bin.18,3.1601453758119393,22.11694536033914
12C16O_24h_100_unf_bin.22,3.2029109589041096,22.48267716535433
12C16O_24h_100_unf_bin.28,3.13314162473041,22.855667337357477
12C16O_24h_100_unf_bin.31,3.15834084761046,22.69702447163515
12C16O_24h_100_unf_bin.32,3.2189986415680187,21.954495756006327
12C16O_24h_100_unf_bin.34,3.2573014517506405,21.945371528646483
12C16O_24h_100_unf_bin.35,3.3793422025129343,23.011265721166712
12C16O_24h_100_unf_bin.42,3.3665296379790477,22.79314438912294
12C16O_24h_100_unf_bin.43,3.3045339560225724,22.281522668947815
12C16O_24h_100_unf_bin.47,3.2238638188533804,22.637870392676465
12C16O_24h_100_unf_bin.5,3.2460611677479148,22.346579730038894
12C16O_24h_100_unf_bin.50,3.242801197880673,22.241953232462176
12C16O_48h_100_P08_coass_bin.17,3.2028786840301575,22.60195758564437
12C16O_48h_100_P08_coass_bin.21,3.217530163236338,22.452235826457276
12C16O_48h_100_P08_coass_bin.5,3.3984884410195613,22.80134242488813
12C16O_48h_100_P08_coass_bin.8,3.340289305193265,21.690615539858726
12C16O_48h_100_P14_coass_bin.1,3.22038040590798,22.258479438954417
12C16O_48h_100_P14_coass_bin.13,3.357462820283103,22.958281086729365
12C16O_48h_100_P14_coass_bin.26,3.359322489581933,22.822635266640717
12C16O_48h_100_P14_coass_bin.3,3.2288638024851783,22.304021739130434
12C16O_48h_100_P14_coass_bin.33,3.255434782608696,22.33640807316304
12C16O_48h_100_P14_coass_bin.34,3.203748402669317,22.53631669535284
12C16O_48h_100_P14_coass_bin.6,3.2905958768709405,22.064368052696583
12C16O_48h_100_P14_coass_bin.7,3.182269433138092,22.666742149758456
12C16O_48h_100_unf_bin.14,3.192580605004357,22.090308618742945
12C16O_48h_100_unf_bin.19,3.3074292819396955,22.264182475158083
12C16O_48h_100_unf_bin.21,3.152532154340836,22.403007980356048
12C16O_48h_100_unf_bin.25,3.2666729376352177,21.80216798472866
12C16O_48h_100_unf_bin.27,3.1620553359683794,22.460081773187007
12C16O_48h_100_unf_bin.29,3.3806402439024392,23.081902860944776
12C16O_48h_100_unf_bin.32,3.2514769279897813,22.20312573443008
12C16O_48h_100_unf_bin.36,3.3666087962962963,22.88804939305149
12C16O_48h_100_unf_bin.4,3.236805137467389,21.734824845451868
12C16O_48h_100_unf_bin.8,3.203420669577875,22.480159056629642
12C16O_48h_50_P09_coass_bin.1,3.2249472573839664,22.266949706074463
12C16O_48h_50_P09_coass_bin.18,3.220911876683072,22.68116591928251
12C16O_48h_50_P09_coass_bin.2,3.2449021207177813,22.10753836894372
12C16O_48h_50_P09_coass_bin.3,3.2069945625308947,22.200718364339654
12C16O_48h_50_P09_coass_bin.4,3.1762514898688914,22.462824858757063
12C16O_48h_50_P10_coass_bin.10,3.2236808564873822,21.74619686800895
12C16O_48h_50_P10_coass_bin.13,3.3005192328070363,21.729797903054244
12C16O_48h_50_P10_coass_bin.20,3.1926118916907043,22.605584470389648
12C16O_48h_50_P10_coass_bin.22,3.2519092670694176,21.87140236785059
12C16O_48h_50_P10_coass_bin.25,3.2085544801748362,21.99726315789474
12C16O_48h_50_P10_coass_bin.27,3.2575331458417036,22.161862571372318
12C16O_48h_50_P10_coass_bin.29,3.13239608801956,22.395049877658575
12C16O_48h_50_P10_coass_bin.30,3.2494709878605637,22.61517012448133
12C16O_48h_50_P10_coass_bin.36,3.2336148447722137,22.385683987274657
12C16O_48h_50_P10_coass_bin.38,3.2321984435797666,21.769923839632128
12C16O_48h_50_P10_coass_bin.39,3.1954779622209504,21.764611146429324
12C16O_48h_50_P10_coass_bin.41,3.154675832641934,22.282685385169184
12C16O_48h_50_P10_coass_bin.43,3.174264281592614,21.957544979686595
12C16O_48h_50_P10_coass_bin.9,3.17602523659306,21.726052332195678
12C16O_48h_50_P13_coass_bin.11,3.15809500429606,21.75047917434574
12C16O_48h_50_P13_coass_bin.16,3.221244705115673,21.773548908649957
12C16O_48h_50_P13_coass_bin.24,3.242971410469629,21.704661410018552
12C16O_48h_50_P13_coass_bin.25,3.265529010238908,22.059033142287568
12C16O_48h_50_P13_coass_bin.27,3.2672275641025643,21.93012717438971
12C16O_48h_50_P13_coass_bin.30,3.120621050167746,21.803585040495474
12C16O_48h_50_P13_coass_bin.31,3.239939542792367,21.783583333333336
12C16O_48h_50_P13_coass_bin.32,3.2248868342482906,21.68816718441118
12C16O_48h_50_unf_bin.11,3.2835286458333335,21.733687440982063
12C16O_48h_50_unf_bin.12,3.179418103448276,21.403965930263507
12C16O_48h_50_unf_bin.15,3.224231144199238,22.348982558139536
12C16O_48h_50_unf_bin.16,3.348182115951523,22.711851149561507
12C16O_48h_50_unf_bin.17,3.1609311740890687,22.863494539781588
12C16O_48h_50_unf_bin.20,3.356773526370217,23.064082073434125
12C16O_48h_50_unf_bin.28,3.1682038170030133,22.394723722476108
12C16O_48h_50_unf_bin.33,3.232898378805852,22.36865671641791
12C16O_48h_50_unf_bin.39,3.2474559444030775,22.152413162705663
12C16O_48h_50_unf_bin.40,3.2942500865950812,21.68430837878037
12C16O_48h_50_unf_bin.41,3.2440437862202187,22.16578863852745
12C16O_48h_50_unf_bin.43,3.2152750296794617,22.75804804804805
12C16O_48h_50_unf_bin.44,3.2699487857260863,21.94472543352601
12C16O_48h_50_unf_bin.45,3.263025942882058,21.97495219885277
12C16O_48h_50_unf_bin.7,3.2695001207437815,22.159879816189466
12C16O_72h_100_P08_coass_bin.1,3.213664466100807,22.344935716525555
12C16O_72h_100_P08_coass_bin.10,3.38458933107536,22.824786115864086
12C16O_72h_100_P08_coass_bin.2,3.392233338985925,21.745949786830884
12C16O_72h_100_P08_coass_bin.23,3.2086095359795546,22.448477583313355
12C16O_72h_100_P08_coass_bin.29,3.2449483082706765,21.88296589734757
12C16O_72h_100_P08_coass_bin.6,3.254659278981075,21.912227946588164
12C16O_72h_100_P14_coass_bin.14,3.3569260485651213,22.860979999999998
12C16O_72h_100_P14_coass_bin.22,3.2164188588130638,21.35577786088257
12C16O_72h_100_P14_coass_bin.25,3.375,22.964545047064096
12C16O_72h_100_P14_coass_bin.28,3.1910636231180183,22.70736314003246
12C16O_72h_100_P14_coass_bin.33,3.226123065307663,21.911614337315925
12C16O_72h_100_P16_coass_bin.15,3.254694485842027,22.494964507542143
12C16O_72h_100_P16_coass_bin.2,3.3823286540049544,23.028691275167787
12C16O_72h_100_P16_coass_bin.26,3.3640462102000566,22.814794464794463
12C16O_72h_100_P16_coass_bin.3,3.270718794542863,22.166597014925376
12C16O_72h_100_P16_coass_bin.33,3.2269696437971573,22.187552356020944
12C16O_72h_100_P16_coass_bin.36,3.2503496503496505,22.99075168918919
12C16O_72h_100_P16_coass_bin.38,3.2052072938401523,22.755468211281205
12C16O_72h_100_P16_coass_bin.39,3.173592947786496,22.658895614941677
12C16O_72h_100_P16_coass_bin.5,3.1951712294171126,22.652803450400498
12C16O_72h_100_unf_bin.1,3.236938212715212,22.41439813788517
12C16O_72h_100_unf_bin.11,3.2946608946608946,21.8705857827809
12C16O_72h_100_unf_bin.12,3.212121212121212,23.150481927710842
12C16O_72h_100_unf_bin.14,3.2876426690079015,21.71955183840934
12C16O_72h_100_unf_bin.16,3.292753225363711,21.761086956521734
12C16O_72h_100_unf_bin.18,3.3756281407035176,22.95870353581142
12C16O_72h_100_unf_bin.27,3.2357312495211827,22.245701973236564
12C16O_72h_100_unf_bin.38,3.214194722474977,22.668408747077436
12C16O_72h_100_unf_bin.44,3.2931986531986532,21.452757423833397
12C16O_72h_100_unf_bin.45,3.292953835473794,22.340765842087425
12C16O_72h_100_unf_bin.7,3.392315644383184,22.845238095238095
12C18O_168h_100_P08_coass_bin.1,3.2757192174913694,21.752919338508267
12C18O_168h_100_P08_coass_bin.2,3.249528683005656,21.98466378293354
12C18O_168h_100_P08_coass_bin.24,3.213328403734171,22.6399217221135
12C18O_168h_100_P08_coass_bin.27,3.267833504927195,21.929022620571914
12C18O_168h_100_P08_coass_bin.7,3.3766297262059974,22.93765067359962
12C18O_168h_100_P08_coass_bin.8,3.226182197496523,22.351735751295337
12C18O_168h_100_P14_coass_bin.20,3.3775384615384616,23.014014304872592
12C18O_168h_100_P14_coass_bin.30,3.1954562883435584,22.014123888729568
12C18O_168h_100_P14_coass_bin.33,3.2871866295264622,21.948142164781906
12C18O_168h_100_P14_coass_bin.35,3.183062019374813,22.686902951019167
12C18O_168h_100_P14_coass_bin.4,3.3647823779193207,22.78376461567951
12C18O_168h_100_P14_coass_bin.7,3.218390804597701,22.29118756429306
12C18O_168h_100_P14_coass_bin.8,3.2693987934262534,21.750552486187846
12C18O_168h_100_P16_coass_bin.14,3.2175615699242885,22.668321513002365
12C18O_168h_100_P16_coass_bin.19,3.172032975579406,22.865762955854134
12C18O_168h_100_P16_coass_bin.28,3.2529373368146213,22.320692985633222
12C18O_168h_100_P16_coass_bin.30,3.381589299763965,22.960091220068414
12C18O_168h_100_P16_coass_bin.34,3.2275842775213315,22.547439126784216
12C18O_168h_100_P16_coass_bin.36,3.257836747361887,22.37042592168537
12C18O_168h_100_P16_coass_bin.4,3.2792081949058693,22.443599182004093
12C18O_168h_100_P16_coass_bin.7,3.1561864061864062,22.72041581991558
12C18O_168h_50_P09_coass_bin.11,3.2256828453527215,22.601534375922103
12C18O_168h_50_P09_coass_bin.14,3.1805610043154178,22.371409515340154
12C18O_168h_50_P09_coass_bin.15,3.2253679653679654,22.4746944083225
12C18O_168h_50_P09_coass_bin.16,3.390611902766136,22.821444095629076
12C18O_168h_50_P09_coass_bin.21,3.2198538367844094,22.5703805175038
12C18O_168h_50_P09_coass_bin.24,3.226715907043776,22.489434063718246
12C18O_168h_50_P09_coass_bin.25,3.189890146196415,22.519580157440952
12C18O_168h_50_P09_coass_bin.3,3.1859669696081307,22.895331437976957
12C18O_168h_50_P10_coass_bin.11,3.2462157930057414,22.272198347107437
12C18O_168h_50_P10_coass_bin.12,3.267833272572609,22.545825031697156
12C18O_168h_50_P10_coass_bin.25,3.235323886639676,21.992539169360857
12C18O_168h_50_P10_coass_bin.26,3.2092592592592593,22.659242021276597
12C18O_168h_50_P10_coass_bin.6,3.2344486862789132,21.962975835815957
12C18O_168h_50_P10_coass_bin.8,3.2394118587182357,21.43689455388181
12C18O_168h_50_P10_coass_bin.9,3.3462301587301586,22.91335531739489
12C18O_168h_50_P13_coass_bin.12,3.138709677419355,21.907097038351303
12C18O_168h_50_P13_coass_bin.13,3.2049100292927886,22.670858830977
12C18O_168h_50_P13_coass_bin.16,3.366883632322591,22.746517469741946
12C18O_168h_50_P13_coass_bin.18,3.235152427549868,22.21054038997214
12C18O_168h_50_P13_coass_bin.2,3.2258438360133277,21.41027859856479
12C18O_168h_50_P13_coass_bin.20,3.268330733229329,21.813268998793728
12C18O_168h_50_P13_coass_bin.21,3.354548041354453,22.46746444201313
12C18O_168h_50_P13_coass_bin.24,3.189458973847075,22.845487804878047
12C18O_168h_50_P13_coass_bin.25,3.256556000516729,21.806625258799176
12C18O_168h_50_P13_coass_bin.28,3.279302587176603,22.320267591674924
12C18O_168h_50_P13_coass_bin.3,3.2221565148827125,21.757142857142856
12C18O_168h_50_P13_coass_bin.4,3.2325409836065573,21.559018741793004
12C18O_168h_50_P13_coass_bin.5,3.2571634714491857,21.940534855769233
12C18O_168h_50_P13_coass_bin.9,3.380088495575221,23.030548414738647
12C18O_24h_100_P08_coass_bin.10,3.190236255738439,22.616384276516435
12C18O_24h_100_P08_coass_bin.11,3.2194612424409015,22.218340682671894
12C18O_24h_100_P08_coass_bin.18,3.2295544772827527,22.574279672217816
12C18O_24h_100_P08_coass_bin.24,3.389079029247044,22.951103603603606
12C18O_24h_100_P08_coass_bin.27,3.230927282472753,22.266861313868613
12C18O_24h_100_P08_coass_bin.28,3.2508081384293592,21.88400900900901
12C18O_24h_100_P08_coass_bin.29,3.2574675797756085,21.93295935647756
12C18O_24h_100_P14_coass_bin.13,3.3739916101968377,23.001408781404084
12C18O_24h_100_P14_coass_bin.16,3.164332215427106,21.442647490460818
12C18O_24h_100_P14_coass_bin.17,3.2204481071336595,22.469096886482312
12C18O_24h_100_P14_coass_bin.33,3.19906868451688,22.316090872429093
12C18O_24h_100_P14_coass_bin.5,3.222080987833666,22.764191419141916
12C18O_24h_100_P14_coass_bin.6,3.3619005328596803,22.819521060508873
12C18O_24h_100_P16_coass_bin.10,3.391526661796932,22.96544955677501
12C18O_24h_100_P16_coass_bin.16,3.2611637347767255,22.51977728285078
12C18O_24h_100_P16_coass_bin.17,3.2212104488594555,22.436823998899136
12C18O_24h_100_P16_coass_bin.26,3.146479744356252,22.70806477218606
12C18O_24h_100_P16_coass_bin.28,3.2698874660457897,21.8311323405451
12C18O_48h_100_P08_coass_bin.1,3.2527910685805423,21.959675535366646
12C18O_48h_100_P08_coass_bin.10,3.3578835010673984,22.748612945838836
12C18O_48h_100_P08_coass_bin.15,3.178486810930343,21.773296129185468
12C18O_48h_100_P08_coass_bin.18,3.2287537789721195,22.41728024042074
12C18O_48h_100_P08_coass_bin.19,3.208005249343832,21.988585051184966
12C18O_48h_100_P08_coass_bin.2,3.2248506179913234,22.18095988365047
12C18O_48h_100_P08_coass_bin.24,3.384440474256943,22.84011723329425
12C18O_48h_100_P08_coass_bin.28,3.2464501069830773,22.587127705942176
12C18O_48h_100_P08_coass_bin.29,3.21311120726958,22.742997061704212
12C18O_48h_100_P08_coass_bin.32,3.2472061258278146,22.344808659856685
12C18O_48h_100_P08_coass_bin.33,3.239391857069232,22.641432060676173
12C18O_48h_100_P08_coass_bin.5,3.255703266043,22.266375545851524
12C18O_48h_100_P16_coass_bin.13,3.38060169225948,22.96080436264485
12C18O_48h_100_P16_coass_bin.16,3.289824945295405,22.459797134116886
12C18O_48h_100_P16_coass_bin.25,3.175754739059209,22.924098124098126
12C18O_48h_100_P16_coass_bin.33,3.1951947875661735,22.51716755866612
12C18O_48h_100_P16_coass_bin.34,3.203426413058141,22.620692481048962
12C18O_48h_100_P16_coass_bin.36,3.279120694011623,21.99271993148171
12C18O_72h_100_P08_coass_bin.13,3.3794184224273027,22.906137913614547
12C18O_72h_100_P08_coass_bin.19,3.2264390775376794,21.924595032397413
12C18O_72h_100_P08_coass_bin.25,3.2166605437178544,22.665201109570038
12C18O_72h_100_P08_coass_bin.28,3.1870104438642297,22.81415376934598
12C18O_72h_100_P08_coass_bin.31,3.214351995051036,22.529694799128
12C18O_72h_100_P08_coass_bin.4,3.2560162902628655,21.642608928094095
12C18O_72h_100_P08_coass_bin.5,3.223849162571457,22.056081888822472
12C18O_72h_100_P14_coass_bin.10,3.257821167073441,22.68048941798942
12C18O_72h_100_P14_coass_bin.17,3.1937613467568906,21.700858684985278
12C18O_72h_100_P14_coass_bin.18,3.1682770294096905,21.85440771349862
12C18O_72h_100_P14_coass_bin.20,3.3527717782577393,22.851398747390395
12C18O_72h_100_P14_coass_bin.22,3.262749445676275,21.9588474025974
12C18O_72h_100_P14_coass_bin.5,3.3765403213227265,23.043985474353153
12C18O_72h_100_P16_coass_bin.10,3.184655737704918,22.441233637445453
12C18O_72h_100_P16_coass_bin.2,3.2203816313692597,22.151315584617784
12C18O_72h_100_P16_coass_bin.23,3.3896998523864195,22.78290678563043
12C18O_72h_100_P16_coass_bin.24,3.1738138252353334,22.761647024588978
12C18O_72h_100_P16_coass_bin.3,3.220549158547387,22.67434526990914
12C18O_72h_100_P16_coass_bin.34,3.2711498973305955,22.210416980279998
12C18O_72h_100_P16_coass_bin.5,3.3794635229796683,23.004160475482912
H1-16-all-fractions_conc_50.Massilia_sp__JS1662_67_10,3.3213333333333335,22.603497085761862
H1-16-all-fractions_conc_93.Chloroflexi_54_9,3.213637588716198,22.267791576673865
H1-16-all-fractions_metab_31.Corynebacterium_durum_57_11,3.2587122917604683,22.36169672678691
H1-16-all-fractions_metab_48.Actinobacteria_68_21,3.2534503450345036,21.438772845953
H1-16-all-fractions_metab_74.Sphingomonadales_70_12,3.267001369237791,21.849934036939313
H1-16-all-fractions_metab_conc_1.Actinobacteria_71_32,3.2163630285809792,21.68889714073524
H1-16-all-fractions_metab_conc_2.Bradyrhizobium_62_16,3.27810707456979,22.57888873219574
H1-16-all-fractions_metab_conc_20.Bacteria_65_10,3.2130291900251304,22.458909670871392
H1-16-all-fractions_metab_conc_21.Actinobacteria_69_13,3.1764907177688424,21.68876737004632
H1-16-all-fractions_metab_conc_28.Actinobacteria_70_20,3.1671358198451793,21.641867469879514
H1-16-all-fractions_metab_conc_37.Actinobacteria_70_13,3.228624371305038,21.884418968212614
H1-16-all-fractions_metab_conc_39.Actinobacteria_66_10,3.218727534148095,21.987865886109635
H1-16-all-fractions_metab_conc_42.Ktedonobacter_racemifer_53_14,3.1986053251222604,22.478288387451844
H1-16-all-fractions_metab_conc_51.Actinobacteria_75_17,3.221936809658361,22.043242217160213
H1-16-all-fractions_metab_conc_57.Solirubrobacterales_72_43,3.1052985702270814,21.72078390923156
H1-16-all-fractions_metab_conc_6.Bacteria_69_19,3.2280844155844157,22.594509219088938
H1-16-all-fractions_metab_conc_65.Bacteria_66_15,3.21538754522948,22.301262948772532
H1-16-all-fractions_metab_conc_68.Ktedonobacter_racemifer_52_21,3.228367611636094,22.216652835408027
H1-16-all-fractions_metab_conc_94.Propionibacteriales_69_21,3.3099208003334724,21.787949291573455
H1-18-all-fractions_conc_108.Bacteria_69_11,3.2369812673657794,22.620075299179778
H1-18-all-fractions_conc_118.Deltaproteobacteria_70_14,3.2278113663845223,22.566134011258395
H1-18-all-fractions_conc_122.Actinobacteria_70_12,3.1952208235545125,21.974485861182515
H1-18-all-fractions_conc_125.Pseudonocardiales_71_10,3.2734414855626977,22.264852675886953
H1-18-all-fractions_conc_24.Gemmatimonadetes_68_16,3.265107036401409,22.700281275113852
H1-18-all-fractions_conc_3.Bacteria_68_14,3.21324354657688,22.555758031185423
H1-18-all-fractions_conc_32.Gemmatimonadetes_61_9,3.1591435185185186,23.153063063063065
H1-18-all-fractions_conc_53.Chloroflexi_64_10,3.1994931842013283,22.438093349200052
H1-18-all-fractions_conc_55.Burkholderiales_64_14,3.3055180297204614,22.53503925120773
H1-18-all-fractions_conc_96.Pseudonocardiales_70_16,3.2130545639979604,22.343686058940296
H1-18-all-fractions_maxb_99.Actinobacteria_69_12,3.2118959107806693,22.046901148773227
H1-18-all-fractions_metab_69.Sphingomonadales_65_37,3.245386481071391,21.962117937635075
H1-18-all-fractions_metab_8.Bdellovibrionales_52_9,3.3007875510010436,22.678994988864137
H1-18-all-fractions_metab_85.Ktedonobacter_racemifer_51_8,3.2168303767775988,22.51548858852205
H1-18-all-fractions_metab_conc_10.Actinobacteria_67_14,3.2553210597215987,21.757879618749186
H1-18-all-fractions_metab_conc_103.Sphingomonadales_66_15,3.238490566037736,21.797875166002655
H1-18-all-fractions_metab_conc_105.Acidobacteria_57_8,3.2796301485009804,22.667713750780116
H1-18-all-fractions_metab_conc_17.Bacteria_55_30,3.235453010692178,22.711162079510704
H1-18-all-fractions_metab_conc_19.Rhizobiales_64_12,3.2836459361632118,22.341801497222896
H1-18-all-fractions_metab_conc_2.Burkholderia_graminis_63_9,3.29395274329195,22.609668874172186
H1-18-all-fractions_metab_conc_20.Bacteria_57_11,3.2592778335005015,22.434791666666666
H1-18-all-fractions_metab_conc_22.Bacteria_59_8,3.2795631825273013,22.54431137724551
H1-18-all-fractions_metab_conc_23.RIF_CHLX_70_21,3.263611859838275,21.849757821704408
H1-18-all-fractions_metab_conc_36.Alphaproteobacteria_64_14,3.1963595688427904,22.45079121216777
H1-18-all-fractions_metab_conc_37.Gemmatimonadetes_69_16,3.2432483474976395,22.937060337432086
H1-18-all-fractions_metab_conc_44.Gemmatimonadetes_61_12,3.3155088135091098,22.562242909720727
H1-18-all-fractions_metab_conc_47.Burkholderiales_71_15,3.3091756534454397,22.565667466027172
H1-18-all-fractions_metab_conc_56.Chloroflexi_54_13,3.2093337842407847,22.415846645367413
H1-18-all-fractions_metab_conc_57.Acidobacteria_55_29,3.313254203758655,22.679019664545987
H1-18-all-fractions_metab_conc_61.Actinobacteria_70_18,3.263374485596708,22.131146304675717
H1-18-all-fractions_metab_conc_62.Sphingomonadales_68_16,3.242350697755049,22.043710892606303
H1-18-all-fractions_metab_conc_71.Actinobacteria_71_26,3.1992606935398697,21.786813764118726
H1-18-all-fractions_metab_conc_80.Solirubrobacterales_69_26,3.2172811708415425,21.718318068276435
H1-18-all-fractions_metab_conc_86.Conexibacter_woesei_72_14,3.1971867227034907,21.559913573970515
H1-18-all-fractions_metab_maxb_101.Bacteria_63_9,3.2587262200165426,21.60914985590778
H1-18-all-fractions_metab_maxb_45.Sphingobacteriales_37_7,3.4041326960922125,23.265423037716616
H1-18-all-fractions_metab_maxbC_21.Verrucomicrobia_59_13,3.2573105656350054,22.41639733840304
H1-18-all-fractions_metab_maxbC_65.Verrucomicrobia_60_17,3.2749125209189107,22.510122905027927
H2-16-all-fractions_maxb_conc_24.Ktedonobacter_racemifer_50_14,3.264159163520186,22.468748644545656
H2-16-all-fractions_metab_114.Bacteria_70_8,3.1353518821603927,22.515911379657602
H2-16-all-fractions_metab_12.Bacteria_57_7,3.2757983923528133,22.176161680458307
H2-16-all-fractions_metab_121.Acidobacteria_65_12,3.1972259167775032,22.302278228677206
H2-16-all-fractions_metab_123.Actinobacteria_72_22,3.1336578060651443,21.827191721759128
H2-16-all-fractions_metab_126.Actinobacteria_69_30,3.2717138875986995,21.763633920172026
H2-16-all-fractions_metab_138.Actinobacteria_69_25,3.230530423984389,21.479927479927476
H2-16-all-fractions_metab_56.Actinobacteria_73_59,3.263629096722622,21.70141269106068
H2-16-all-fractions_metab_57.Sphingomonadales_64_21,3.322276236774378,21.71616717635066
H2-16-all-fractions_metab_63.Actinobacteria_69_71,3.258413664806359,21.6336756154893
H2-16-all-fractions_metab_75.Sphingomonadales_65_38,3.2562806814900376,22.053269740328563
H2-16-all-fractions_metab_conc_1.Acidobacteriales_58_9,3.2704758535290996,22.909840848806372
H2-16-all-fractions_metab_conc_100.Burkholderia_graminis_63_15,3.2670396744659205,23.217389635316696
H2-16-all-fractions_metab_conc_101.Burkholderiales_63_22,3.2934355147726126,22.669452662721895
H2-16-all-fractions_metab_conc_119.Actinobacteria_73_28,3.3035982008995504,22.02129898403483
H2-16-all-fractions_metab_conc_131.Actinobacteria_71_27,3.336936936936937,21.57178105501985
H2-16-all-fractions_metab_conc_137.Bacteria_60_16,3.305217594759008,22.41257689678742
H2-16-all-fractions_metab_conc_16.Bacteria_60_11,3.222019686474663,22.624073565742517
H2-16-all-fractions_metab_conc_17.Alphaproteobacteria_61_12,3.236073698954854,22.20610358565737
H2-16-all-fractions_metab_conc_19.Actinobacteria_69_35,3.248705804604031,21.931597787178653
H2-16-all-fractions_metab_conc_25.Burkholderiales_70_14,3.3226001207486417,22.77344117647059
H2-16-all-fractions_metab_conc_33.Sphingomonadales_63_10,3.3442814271423806,21.838028503562942
H2-16-all-fractions_metab_conc_42.Caulobacterales_70_17,3.276963609418739,22.056737929377853
H2-16-all-fractions_metab_conc_43.Acidobacteriales_58_14,3.2592749629001485,22.787591009813234
H2-16-all-fractions_metab_conc_47.Alphaproteobacteria_65_18,3.2669672794542723,22.489708141321042
H2-16-all-fractions_metab_conc_5.Streptomyces_sviceus_71_22,3.2628527841342487,22.308502024291496
H2-16-all-fractions_metab_conc_60.Proteobacteria_70_13,3.2095219358646467,22.382975595413114
H2-16-all-fractions_metab_conc_62.Propionibacteriales_70_25,3.331688311688312,21.944341372912803
H2-16-all-fractions_metab_conc_65.Actinobacteria_69_12,3.177813736066163,21.42844183564568
H2-16-all-fractions_metab_conc_71.Burkholderiales_69_31,3.3013734812466984,23.038615023474176
H2-16-all-fractions_metab_conc_77.Actinobacteria_71_48,3.189069925322471,21.8067584799796
H2-16-all-fractions_metab_conc_97.Actinobacteria_72_48,3.191967871485944,21.065318192571567
H2-18-all-fractions_metab_36.Geodermatophilales_73_36,3.2362036156041865,21.71275634341328
H2-18-all-fractions_metab_49.Bacteria_55_6,3.266740250183959,22.546301369863013
H2-18-all-fractions_metab_63.Massilia_66_19,3.2903549899531144,22.80346706290242
H2-18-all-fractions_metab_84.Actinobacteria_68_115,3.264062775524599,21.947790126647714
H2-18-all-fractions_metab_91.Actinobacteria_71_22,3.3032800672834313,21.53136396790664
H2-18-all-fractions_metab_conc_15.Gemmatimonadetes_61_16,3.150442477876106,22.73308257209386
H2-18-all-fractions_metab_conc_22.Proteobacteria_61_13,3.242305110748873,22.32685552407932
H2-18-all-fractions_metab_conc_39.Bacteria_66_9,3.3090687271248473,22.768880909634948
H2-18-all-fractions_metab_conc_45.Bacteria_60_9,3.2844918532411205,22.55931118033922
H2-18-all-fractions_metab_conc_56.Bacteria_56_17,3.268685881778212,22.645909486510007
H2-18-all-fractions_metab_conc_57.Sphingobacteriales_44_10,3.382549711949452,23.017825383993532
H2-18-all-fractions_metab_conc_62.Actinobacteria_69_13,3.1889461853761736,21.648322147651005
H2-18-all-fractions_metab_conc_82.Actinobacteria_69_16,3.219549641760491,21.88807926829268
H2-18-all-fractions_metab_conc_98.Propionibacteriales_71_10,3.338000777907429,22.03034617532105
H2-18-all-fractions_metab_maxbC_80.Verrucomicrobia_59_11,3.251253709958039,22.419701583434836
H3-16-all-fractions_conc_123.Niastella_koreensis_45_0,3.3945441230318565,23.133722472804457
H3-16-all-fractions_conc_3.Actinobacteria_70_0,3.2433144513239363,22.305440313111546
H3-16-all-fractions_conc_58.Chloroflexi_52_0,3.2287143750558385,22.268714934544484
H3-16-all-fractions_maxb_26.Sphingobacteriales_42_0,3.342218229010682,22.885741306561908
H3-16-all-fractions_metab_130.Bacteria_58_0,3.251647960092642,22.714006124350956
H3-16-all-fractions_metab_140.Gemmatimonadetes_61_0,3.2831537974110616,22.219744299459606
H3-16-all-fractions_metab_147.Actinobacteria_71_0,3.2032537067545306,22.271198513471663
H3-16-all-fractions_metab_148.Actinobacteria_72_0,3.277481447124304,21.496993485886087
H3-16-all-fractions_metab_155.Actinobacteria_71_0,3.212908202622782,21.932611740736025
H3-16-all-fractions_metab_25.Hyalangium_minutum_68_0,3.2550335570469797,22.652019979432936
H3-16-all-fractions_metab_43.Acidobacteria_54_0,3.1714687280393536,23.13014827018122
H3-16-all-fractions_metab_44.Cytophagales_44_0,3.490896428216098,23.217972479640554
H3-16-all-fractions_metab_47.Bacteria_61_0,3.1771060672195546,22.28823916982375
H3-16-all-fractions_metab_67.RIF_CHLX_70_0,3.174576918182975,22.112548039969255
H3-16-all-fractions_metab_76.Alphaproteobacteria_69_0,3.2153172866520787,22.817929964539005
H3-16-all-fractions_metab_conc_1.Bacteria_58_0,3.279812116564417,22.432115140397908
H3-16-all-fractions_metab_conc_10.Gemmatimonadetes_68_0,3.212422634836428,22.696470196470198
H3-16-all-fractions_metab_conc_100.Burkholderiales_71_0,3.316472268507498,22.56519107729552
H3-16-all-fractions_metab_conc_11.Cystobacter_violaceus_70_0,3.2237029985721084,22.49467918622849
H3-16-all-fractions_metab_conc_113.RIFCSPLOWO2_12_FULL_Bacteroidetes_35_15_curated_45_0,3.437416435256608,22.979421644515845
H3-16-all-fractions_metab_conc_118.Mycobacterium_smegmatis_66_0,3.243091378039794,22.007407908992413
H3-16-all-fractions_metab_conc_126.Actinobacteria_70_0,3.162675474814203,22.043570536828966
H3-16-all-fractions_metab_conc_13.Lysobacter_68_0,3.2210869243299274,22.566050756901152
H3-16-all-fractions_metab_conc_152.Gemmatimonadetes_60_0,3.150097666289709,22.645036243302872
H3-16-all-fractions_metab_conc_29.Actinobacteria_71_0,3.275115271761911,21.839898989898995
H3-16-all-fractions_metab_conc_30.Propionibacteriales_71_0,3.325166508087536,21.974066461116823
H3-16-all-fractions_metab_conc_31.Alphaproteobacteria_63_0,3.2178370531663947,22.422561803857647
H3-16-all-fractions_metab_conc_32.Actinobacteria_69_0,3.2566137566137567,21.994991001799637
H3-16-all-fractions_metab_conc_36.Acidobacteriales_61_0,3.2319201995012468,22.828058007566202
H3-16-all-fractions_metab_conc_38.Bacteria_65_0,3.1914795091456356,22.31202014938336
H3-16-all-fractions_metab_conc_40.Bacteroidetes_44_0,3.4015885104994017,23.047230046948354
H3-16-all-fractions_metab_conc_46.Alphaproteobacteria_61_0,3.219815524924863,22.43331263582738
H3-16-all-fractions_metab_conc_6.RIF_CHLX_71_0,3.2094348222424793,21.746791171477078
H3-16-all-fractions_metab_conc_60.Gemmatimonadetes_63_0,3.2097147262914416,22.6480455075846
H3-16-all-fractions_metab_conc_77.Bacteria_60_0,3.2673968359331784,22.43934130755366
H3-16-all-fractions_metab_conc_78.Burkholderia_graminis_63_0,3.2774229380727578,23.15525876460768
H3-16-all-fractions_metab_conc_83.Actinobacteria_70_0,3.240337224383917,21.483082778306375
H3-16-all-fractions_metab_conc_87.Propionibacteriales_68_0,3.311911623439001,21.99903060517934
H3-16-all-fractions_metab_conc_90.Bacteria_60_0,3.211895585143658,22.580414685684094
H3-16-all-fractions_metab_conc_98.Alphaproteobacteria_63_0,3.1795659688880353,22.305000000000003
H3-16-all-fractions_metab_maxb_73.Sphingobacteriales_41_0,3.3016826923076925,23.364604966139954
H3-16-all-fractions_metab_maxbC_112.Burkholderiales_62_0,3.2773506800709638,22.707643865363732
H3-16-all-fractions_metab_maxbC_136.Myxococcales_66_0,3.2385225063556153,22.99000902119982
H3-16-all-fractions_metab_maxbC_4.Bacteria_48_0,3.411527565918501,23.064716892840433
H3-18-all-fractions_conc_15.Actinobacteria_69_13,3.194857916102842,21.61901449958741
H3-18-all-fractions_metab_8.Gemmatimonadetes_73_36,3.176922319582554,22.44590286054827
H3-18-all-fractions_metab_conc_100.Actinobacteria_71_31,3.1694640473011635,21.573939652718476
H3-18-all-fractions_metab_conc_14.Acidobacteria_55_25,3.3095424325381306,22.712879656160457
H3-18-all-fractions_metab_conc_20.Propionibacteriales_70_14,3.285902793050363,21.87113237639554
H3-18-all-fractions_metab_conc_21.Bacteria_57_12,3.22329650092081,22.922487770789658
H3-18-all-fractions_metab_conc_25.Acidobacteria_57_11,3.2547522339561334,22.94324027794709
H3-18-all-fractions_metab_conc_30.Actinobacteria_69_22,3.2212872616596546,21.90106326422116
H3-18-all-fractions_metab_conc_37.Alphaproteobacteria_64_16,3.2644787644787643,22.24767316017316
H3-18-all-fractions_metab_conc_4.Bradyrhizobium_62_18,3.281924971580144,22.349625312239798
H3-18-all-fractions_metab_conc_49.Actinobacteria_70_18,3.2497567304573467,21.823074179743223
H3-18-all-fractions_metab_conc_55.Sphingomonadales_70_13,3.2192292305640753,21.916627358490565
H3-18-all-fractions_metab_conc_57.Acidobacteria_56_18,3.277868931570312,22.6158127586699
H3-18-all-fractions_metab_conc_6.Bacteria_64_56,3.2192292944785277,22.16364540417673
H3-18-all-fractions_metab_conc_69.Acidobacteria_55_11,3.295795795795796,22.667463348527786
H3-18-all-fractions_metab_conc_70.Bacteria_59_10,3.24680377987771,22.445498179410787
H3-18-all-fractions_metab_conc_75.Burkholderiales_69_10,3.2829796088223056,22.6292608430055
H3-18-all-fractions_metab_conc_87.Bacteria_55_12,3.2494054054054056,22.557371743000484
H3-18-all-fractions_metab_maxbC_50.Actinobacteria_69_9,3.1996486514415623,21.96621039680099
H3-18-all-fractions_metab_maxbC_83.Verrucomicrobia_60_12,3.316414926699245,22.403296170625303
